gyroADC_X,gyroADC_Y,gyroADC_Z,accADC_X,accADC_Y,accADC_Z,GyroX,GyroY,GyroZ,AccX,AccY,AccZ,roll_IMU,pitch_IMU,yaw_IMU,roll_PID,pitch_PID,yaw_PID
-2,0,1,-59,-416,3908,-0.05,-0.04,0.00,-0.59,-4.16,39.08,-6.05,0.87,7.66,4.05,-0.56,-0.77
1,0,0,-42,-400,3914,-0.04,-0.03,0.00,-0.42,-4.00,39.14,-6.03,0.85,7.66,3.97,-0.55,-0.68
0,-2,1,-44,-394,3912,-0.04,-0.04,0.01,-0.44,-3.94,39.12,-6.02,0.84,7.66,3.98,-0.50,-0.76
0,-1,1,-50,-406,3914,-0.03,-0.04,0.02,-0.50,-4.06,39.14,-6.01,0.83,7.66,3.97,-0.51,-0.76
1,-1,1,-51,-427,3903,-0.02,-0.05,0.02,-0.51,-4.27,39.03,-6.03,0.82,7.66,3.96,-0.51,-0.75
0,-2,1,-54,-422,3906,-0.02,-0.05,0.02,-0.54,-4.22,39.06,-6.04,0.82,7.66,3.99,-0.48,-0.75
0,-2,-1,-62,-423,3905,-0.02,-0.06,0.02,-0.62,-4.23,39.05,-6.06,0.83,7.66,4.00,-0.49,-0.59
1,-2,-1,-64,-423,3917,-0.01,-0.07,0.01,-0.64,-4.23,39.17,-6.07,0.84,7.66,3.99,-0.50,-0.60
0,-2,-2,-58,-409,3914,-0.01,-0.07,-0.01,-0.58,-4.09,39.14,-6.05,0.84,7.66,4.00,-0.49,-0.53
0,0,-2,-61,-409,3912,-0.01,-0.07,-0.02,-0.61,-4.09,39.12,-6.04,0.85,7.66,3.99,-0.54,-0.54
0,1,-2,-59,-407,3922,-0.01,-0.05,-0.03,-0.59,-4.07,39.22,-6.02,0.85,7.66,3.98,-0.57,-0.55
-1,1,-1,-53,-397,3919,-0.01,-0.04,-0.03,-0.53,-3.97,39.19,-6.00,0.84,7.66,3.99,-0.57,-0.64
0,1,-1,-50,-401,3907,-0.01,-0.03,-0.03,-0.50,-4.01,39.07,-5.99,0.83,7.66,3.96,-0.56,-0.64
0,2,0,-52,-408,3913,-0.01,-0.02,-0.03,-0.52,-4.08,39.13,-5.98,0.82,7.66,3.95,-0.57,-0.72
-1,1,0,-58,-421,3909,-0.02,-0.01,-0.03,-0.58,-4.21,39.09,-6.00,0.82,7.66,3.98,-0.56,-0.72
-1,2,0,-56,-422,3907,-0.02,0.00,-0.02,-0.56,-4.22,39.07,-6.02,0.82,7.66,4.00,-0.58,-0.72
0,1,0,-56,-422,3910,-0.02,0.01,-0.02,-0.56,-4.22,39.10,-6.04,0.82,7.66,3.99,-0.56,-0.71
0,0,0,-62,-417,3919,-0.02,0.01,-0.02,-0.62,-4.17,39.19,-6.04,0.84,7.66,3.99,-0.55,-0.71
-2,1,1,-61,-403,3930,-0.03,0.01,-0.01,-0.61,-4.03,39.30,-6.03,0.84,7.66,4.03,-0.58,-0.79
-1,2,1,-63,-395,3926,-0.03,0.03,-0.00,-0.63,-3.95,39.26,-6.01,0.84,7.66,3.99,-0.61,-0.78
-1,2,1,-54,-392,3911,-0.03,0.04,0.00,-0.54,-3.92,39.11,-5.99,0.84,7.66,3.98,-0.61,-0.77
0,2,0,-40,-408,3899,-0.03,0.04,0.00,-0.40,-4.08,38.99,-5.99,0.82,7.66,3.96,-0.60,-0.69
0,0,-1,-46,-414,3921,-0.03,0.04,-0.00,-0.46,-4.14,39.21,-5.99,0.81,7.66,3.96,-0.54,-0.61
0,0,0,-57,-411,3913,-0.02,0.04,-0.00,-0.57,-4.11,39.13,-6.00,0.82,7.66,3.96,-0.55,-0.69
-1,0,-1,-61,-428,3906,-0.03,0.03,-0.01,-0.61,-4.28,39.06,-6.01,0.83,7.66,4.00,-0.56,-0.61
0,0,-1,-63,-423,3911,-0.03,0.03,-0.01,-0.63,-4.23,39.11,-6.03,0.84,7.66,3.99,-0.56,-0.62
0,0,-2,-62,-414,3908,-0.02,0.03,-0.03,-0.62,-4.14,39.08,-6.03,0.86,7.66,3.99,-0.57,-0.55
0,0,-2,-62,-415,3913,-0.02,0.02,-0.04,-0.62,-4.15,39.13,-6.04,0.87,7.66,3.99,-0.58,-0.56
-1,0,0,-61,-403,3910,-0.02,0.02,-0.03,-0.61,-4.03,39.10,-6.02,0.87,7.66,4.00,-0.58,-0.72
0,-1,0,-62,-406,3916,-0.02,0.01,-0.03,-0.62,-4.06,39.16,-6.01,0.88,7.66,3.97,-0.56,-0.72
0,-2,1,-53,-408,3909,-0.02,-0.00,-0.02,-0.53,-4.08,39.09,-6.00,0.86,7.66,3.96,-0.53,-0.79
-1,-4,1,-48,-408,3911,-0.02,-0.03,-0.01,-0.48,-4.08,39.11,-5.99,0.84,7.66,3.98,-0.47,-0.79
0,-3,2,-31,-411,3888,-0.02,-0.04,0.00,-0.31,-4.11,38.88,-6.00,0.83,7.66,3.96,-0.47,-0.86
-1,-3,2,-28,-415,3892,-0.03,-0.06,0.01,-0.28,-4.15,38.92,-6.00,0.81,7.66,3.99,-0.46,-0.84
0,-3,2,-53,-413,3921,-0.02,-0.07,0.02,-0.53,-4.13,39.21,-6.01,0.79,7.66,3.97,-0.44,-0.83
-1,-3,2,-60,-407,3920,-0.03,-0.08,0.03,-0.60,-4.07,39.20,-5.99,0.80,7.66,3.98,-0.45,-0.82
-1,-1,1,-47,-411,3913,-0.03,-0.08,0.04,-0.47,-4.11,39.13,-5.99,0.78,7.66,3.98,-0.48,-0.73
0,-1,1,-57,-414,3906,-0.03,-0.08,0.04,-0.57,-4.14,39.06,-6.01,0.80,7.66,3.97,-0.48,-0.73
0,-2,0,-61,-413,3915,-0.02,-0.08,0.04,-0.61,-4.13,39.15,-6.01,0.81,7.66,3.97,-0.47,-0.65
0,0,0,-46,-414,3917,-0.02,-0.07,0.03,-0.46,-4.14,39.17,-6.01,0.80,7.66,3.98,-0.51,-0.66
3,4,-4,-70,-450,3900,-0.00,-0.04,0.00,-0.70,-4.50,39.00,-6.03,0.80,7.66,3.92,-0.60,-0.35
2,4,-3,-81,-377,3904,0.01,-0.01,-0.01,-0.81,-3.77,39.04,-6.02,0.81,7.66,3.93,-0.61,-0.45
-1,0,-2,-59,-399,3909,0.00,-0.01,-0.03,-0.59,-3.99,39.09,-6.00,0.82,7.66,3.98,-0.54,-0.55
0,0,-2,-61,-405,3923,0.00,-0.01,-0.03,-0.61,-4.05,39.23,-5.98,0.83,7.66,3.95,-0.54,-0.56
0,-1,-1,-54,-404,3916,0.00,-0.02,-0.04,-0.54,-4.04,39.16,-5.97,0.82,7.66,3.94,-0.52,-0.64
0,0,-1,-51,-404,3917,0.00,-0.01,-0.04,-0.51,-4.04,39.17,-5.95,0.81,7.66,3.93,-0.53,-0.65
0,0,-1,-64,-423,3935,0.00,-0.01,-0.04,-0.64,-4.23,39.35,-5.97,0.82,7.66,3.94,-0.54,-0.65
-1,1,0,-69,-425,3927,-0.00,-0.00,-0.04,-0.69,-4.25,39.27,-5.98,0.83,7.66,3.97,-0.57,-0.73
-1,1,-1,-51,-409,3900,-0.01,0.00,-0.04,-0.51,-4.09,39.00,-5.98,0.81,7.66,3.97,-0.56,-0.65
-1,1,0,-54,-402,3911,-0.01,0.01,-0.04,-0.54,-4.02,39.11,-5.97,0.81,7.66,3.96,-0.55,-0.73
-1,2,-2,-65,-425,3935,-0.02,0.02,-0.04,-0.65,-4.25,39.35,-5.98,0.82,7.66,3.97,-0.59,-0.57
-2,4,2,-81,-423,3925,-0.03,0.04,-0.03,-0.81,-4.23,39.25,-5.99,0.83,7.66,4.00,-0.64,-0.89
1,1,-1,-58,-414,3872,-0.02,0.04,-0.03,-0.58,-4.14,38.72,-6.01,0.84,7.66,3.95,-0.58,-0.64
2,1,-6,-45,-548,3906,-0.01,0.05,-0.06,-0.45,-5.48,39.06,-6.03,0.84,7.66,3.94,-0.58,-0.25
0,-8,5,-146,-539,3853,-0.01,-0.01,-0.03,-1.46,-5.39,38.53,-6.04,0.85,7.66,3.99,-0.39,-1.14
4,1,16,-166,-581,3925,0.02,-0.00,0.07,-1.66,-5.81,39.25,-6.06,0.86,7.66,3.91,-0.58,-1.97
2,-5,53,-166,-552,3879,0.03,-0.03,0.39,-1.66,-5.52,38.79,-6.07,0.87,7.66,3.96,-0.46,-4.77
-8,0,59,-120,-504,3925,-0.02,-0.03,0.71,-1.20,-5.04,39.25,-6.08,0.88,7.66,4.18,-0.57,-4.94
2,-4,107,-57,-440,3968,-0.01,-0.05,1.29,-0.57,-4.40,39.68,-6.10,0.87,7.65,3.99,-0.48,-8.39
-7,0,118,-51,-429,3856,-0.05,-0.04,1.88,-0.51,-4.29,38.56,-6.12,0.87,7.64,4.19,-0.56,-8.69
-6,-2,130,-33,-351,3880,-0.08,-0.05,2.49,-0.33,-3.51,38.80,-6.10,0.86,7.63,4.17,-0.51,-9.07
-4,5,135,38,-250,3952,-0.10,-0.02,3.06,0.38,-2.50,39.52,-6.09,0.85,7.62,4.13,-0.66,-8.88
-3,0,91,1,-276,3932,-0.11,-0.02,3.31,0.01,-2.76,39.32,-6.07,0.85,7.61,4.10,-0.55,-4.89
0,-1,75,18,-283,3914,-0.10,-0.02,3.44,0.18,-2.83,39.14,-6.05,0.84,7.59,4.02,-0.53,-3.40
0,-1,23,15,-344,3907,-0.09,-0.02,3.23,0.15,-3.44,39.07,-6.04,0.83,7.58,4.01,-0.52,0.79
3,-1,11,-20,-373,3908,-0.06,-0.03,2.98,-0.20,-3.73,39.08,-6.03,0.82,7.57,3.93,-0.51,1.54
1,-1,2,-53,-415,3914,-0.05,-0.03,2.69,-0.53,-4.15,39.14,-6.04,0.80,7.56,3.98,-0.50,2.00
1,0,1,-47,-408,3903,-0.04,-0.03,2.43,-0.47,-4.08,39.03,-6.03,0.79,7.55,3.97,-0.51,1.81
1,0,0,-59,-418,3913,-0.03,-0.03,2.19,-0.59,-4.18,39.13,-6.04,0.80,7.54,3.97,-0.52,1.64
1,-1,2,-53,-422,3916,-0.02,-0.03,1.98,-0.53,-4.22,39.16,-6.06,0.80,7.53,3.98,-0.50,1.25
1,0,0,-53,-409,3918,-0.01,-0.03,1.78,-0.53,-4.09,39.18,-6.04,0.79,7.53,3.97,-0.52,1.21
1,2,2,-54,-406,3918,-0.00,-0.01,1.62,-0.54,-4.06,39.18,-6.02,0.79,7.52,3.95,-0.56,0.86
0,1,2,-56,-404,3921,-0.00,-0.00,1.47,-0.56,-4.04,39.21,-6.00,0.80,7.51,3.96,-0.54,0.71
1,0,2,-56,-411,3916,0.00,-0.00,1.33,-0.56,-4.11,39.16,-5.99,0.81,7.51,3.93,-0.53,0.57
1,0,3,-57,-407,3917,0.01,-0.00,1.22,-0.57,-4.07,39.17,-5.98,0.82,7.50,3.92,-0.54,0.36
0,0,1,-67,-414,3915,0.01,-0.00,1.10,-0.67,-4.14,39.15,-5.98,0.83,7.50,3.95,-0.55,0.41
0,0,1,-66,-415,3913,0.01,-0.00,1.00,-0.66,-4.15,39.13,-5.99,0.85,7.49,3.95,-0.56,0.30
0,0,1,-63,-411,3915,0.01,-0.00,0.90,-0.63,-4.11,39.15,-5.99,0.87,7.49,3.95,-0.57,0.20
0,0,1,-55,-413,3908,0.01,-0.00,0.82,-0.55,-4.13,39.08,-6.00,0.85,7.49,3.96,-0.56,0.11
0,0,0,-56,-411,3905,0.01,-0.00,0.74,-0.56,-4.11,39.05,-6.00,0.84,7.48,3.96,-0.55,0.11
0,0,1,-59,-406,3903,0.01,-0.00,0.67,-0.59,-4.06,39.03,-5.99,0.84,7.48,3.95,-0.56,-0.05
-1,-2,1,-60,-408,3909,-0.00,-0.01,0.61,-0.60,-4.08,39.09,-5.98,0.86,7.48,3.96,-0.52,-0.11
1,-1,1,-57,-412,3915,0.00,-0.02,0.55,-0.57,-4.12,39.15,-5.99,0.85,7.48,3.93,-0.53,-0.17
0,-1,1,-53,-410,3907,0.00,-0.02,0.50,-0.53,-4.10,39.07,-5.99,0.83,7.47,3.95,-0.52,-0.22
1,-1,1,-54,-409,3903,0.01,-0.03,0.46,-0.54,-4.09,39.03,-5.99,0.81,7.47,3.93,-0.51,-0.27
0,-1,1,-58,-410,3911,0.01,-0.03,0.42,-0.58,-4.10,39.11,-5.99,0.83,7.47,3.95,-0.52,-0.31
0,0,0,-49,-408,3920,0.01,-0.03,0.38,-0.49,-4.08,39.20,-5.98,0.81,7.47,3.94,-0.53,-0.27
0,0,1,-47,-404,3920,0.01,-0.02,0.35,-0.47,-4.04,39.20,-5.97,0.80,7.47,3.94,-0.52,-0.39
0,0,2,-51,-411,3907,0.01,-0.02,0.32,-0.51,-4.11,39.07,-5.98,0.78,7.47,3.94,-0.51,-0.50
0,0,0,-57,-407,3917,0.01,-0.02,0.29,-0.57,-4.07,39.17,-5.97,0.79,7.47,3.94,-0.52,-0.36
0,0,0,-54,-407,3917,0.01,-0.02,0.26,-0.54,-4.07,39.17,-5.95,0.79,7.46,3.92,-0.52,-0.39
0,0,0,-63,-411,3912,0.00,-0.02,0.24,-0.63,-4.11,39.12,-5.95,0.81,7.46,3.93,-0.53,-0.42
0,1,0,-69,-419,3913,0.00,-0.01,0.21,-0.69,-4.19,39.13,-5.97,0.82,7.46,3.94,-0.56,-0.45
0,1,0,-59,-414,3922,0.00,-0.00,0.19,-0.59,-4.14,39.22,-5.98,0.83,7.46,3.95,-0.57,-0.47
0,1,1,-60,-421,3926,0.00,0.00,0.18,-0.60,-4.21,39.26,-6.00,0.84,7.46,3.96,-0.57,-0.57
0,0,1,-54,-418,3913,0.00,0.00,0.17,-0.54,-4.18,39.13,-6.02,0.83,7.46,3.97,-0.55,-0.58
0,1,0,-53,-411,3911,0.00,0.01,0.15,-0.53,-4.11,39.11,-6.01,0.81,7.46,3.97,-0.56,-0.51
-1,0,0,-64,-407,3921,-0.00,0.01,0.14,-0.64,-4.07,39.21,-6.00,0.83,7.46,3.98,-0.55,-0.53
0,-1,0,-57,-409,3917,-0.00,0.00,0.12,-0.57,-4.09,39.17,-5.98,0.83,7.46,3.95,-0.53,-0.54
0,0,1,-52,-412,3911,-0.00,0.00,0.12,-0.52,-4.12,39.11,-5.99,0.81,7.46,3.95,-0.54,-0.63
-1,0,0,-51,-414,3910,-0.01,0.00,0.10,-0.51,-4.14,39.10,-6.00,0.80,7.46,3.98,-0.53,-0.56
0,0,0,-58,-414,3900,-0.01,0.00,0.09,-0.58,-4.14,39.00,-6.01,0.81,7.46,3.97,-0.53,-0.57
0,0,0,-59,-408,3910,-0.01,0.00,0.08,-0.59,-4.08,39.10,-6.00,0.82,7.46,3.96,-0.54,-0.58
1,1,0,-49,-403,3914,-0.00,0.01,0.08,-0.49,-4.03,39.14,-5.99,0.81,7.46,3.93,-0.56,-0.59
0,0,0,-53,-415,3913,-0.00,0.01,0.07,-0.53,-4.15,39.13,-6.00,0.80,7.46,3.96,-0.53,-0.60
-1,0,1,-56,-412,3911,-0.01,0.01,0.07,-0.56,-4.12,39.11,-6.01,0.82,7.46,3.99,-0.54,-0.68
0,0,1,-58,-411,3919,-0.01,0.01,0.07,-0.58,-4.11,39.19,-6.00,0.83,7.46,3.96,-0.55,-0.69
0,0,1,-61,-412,3907,-0.01,0.00,0.07,-0.61,-4.12,39.07,-6.01,0.85,7.46,3.97,-0.56,-0.69
0,0,0,-57,-407,3899,-0.00,0.00,0.06,-0.57,-4.07,38.99,-5.99,0.84,7.46,3.95,-0.56,-0.61
0,0,0,-56,-416,3907,-0.00,0.00,0.05,-0.56,-4.16,39.07,-6.01,0.84,7.46,3.97,-0.55,-0.61
-1,1,0,-60,-416,3890,-0.01,0.01,0.05,-0.60,-4.16,38.90,-6.02,0.84,7.46,4.00,-0.58,-0.62
-1,1,0,-52,-409,3900,-0.01,0.01,0.04,-0.52,-4.09,39.00,-6.02,0.83,7.46,3.99,-0.57,-0.62
1,1,0,-62,-409,3913,-0.01,0.02,0.04,-0.62,-4.09,39.13,-6.01,0.84,7.46,3.95,-0.58,-0.63
0,1,0,-55,-403,3903,-0.01,0.02,0.04,-0.55,-4.03,39.03,-5.99,0.84,7.45,3.95,-0.58,-0.63
0,0,0,-59,-414,3902,-0.01,0.02,0.03,-0.59,-4.14,39.02,-6.01,0.84,7.46,3.97,-0.56,-0.64
-1,0,0,-56,-412,3910,-0.01,0.02,0.03,-0.56,-4.12,39.10,-6.01,0.83,7.46,3.99,-0.55,-0.64
-1,0,0,-53,-408,3914,-0.02,0.02,0.03,-0.53,-4.08,39.14,-6.00,0.81,7.45,3.98,-0.54,-0.64
-1,0,0,-52,-413,3921,-0.02,0.02,0.02,-0.52,-4.13,39.21,-6.00,0.80,7.45,3.99,-0.53,-0.65
1,1,0,-56,-414,3909,-0.01,0.02,0.02,-0.56,-4.14,39.09,-6.02,0.80,7.45,3.96,-0.56,-0.65
1,0,0,-54,-423,3900,-0.01,0.02,0.02,-0.54,-4.23,39.00,-6.04,0.80,7.46,3.97,-0.53,-0.65
1,0,-1,-51,-415,3903,0.00,0.02,0.01,-0.51,-4.15,39.03,-6.05,0.79,7.46,3.97,-0.52,-0.57
0,0,0,-55,-407,3906,0.00,0.01,0.01,-0.55,-4.07,39.06,-6.03,0.79,7.45,3.98,-0.52,-0.66
-1,0,1,-49,-398,3909,-0.01,0.01,0.01,-0.49,-3.98,39.09,-6.01,0.78,7.45,3.99,-0.52,-0.74
0,1,0,-49,-405,3905,-0.00,0.02,0.01,-0.49,-4.05,39.05,-6.00,0.77,7.45,3.96,-0.54,-0.66
-1,0,0,-61,-419,3913,-0.01,0.02,0.01,-0.61,-4.19,39.13,-6.01,0.79,7.45,3.99,-0.52,-0.66
0,-1,0,-57,-417,3910,-0.01,0.01,0.01,-0.57,-4.17,39.10,-6.03,0.79,7.45,3.98,-0.51,-0.66
-1,0,0,-53,-410,3914,-0.01,0.01,0.01,-0.53,-4.10,39.14,-6.01,0.79,7.45,3.99,-0.52,-0.66
0,0,0,-52,-411,3917,-0.01,0.01,0.01,-0.52,-4.11,39.17,-6.00,0.77,7.45,3.96,-0.51,-0.66
0,0,0,-56,-408,3908,-0.01,0.01,0.01,-0.56,-4.08,39.08,-5.99,0.78,7.45,3.95,-0.52,-0.66
0,0,0,-56,-419,3917,-0.01,0.01,0.01,-0.56,-4.19,39.17,-6.01,0.79,7.45,3.97,-0.52,-0.66
0,0,0,-54,-416,3905,-0.01,0.00,0.01,-0.54,-4.16,39.05,-6.02,0.79,7.45,3.98,-0.52,-0.66
0,0,0,-59,-416,3908,-0.01,0.00,0.01,-0.59,-4.16,39.08,-6.03,0.80,7.45,3.99,-0.53,-0.66
0,0,0,-57,-408,3902,-0.01,0.00,0.01,-0.57,-4.08,39.02,-6.02,0.81,7.45,3.97,-0.54,-0.67
0,0,0,-54,-410,3904,-0.01,0.00,0.00,-0.54,-4.10,39.04,-6.00,0.80,7.45,3.97,-0.53,-0.67
1,0,0,-59,-416,3911,-0.00,0.00,0.00,-0.59,-4.16,39.11,-6.02,0.81,7.45,3.95,-0.54,-0.67
0,-1,0,-53,-414,3916,-0.00,-0.00,0.00,-0.53,-4.14,39.16,-6.03,0.79,7.45,3.98,-0.50,-0.67
-1,-1,0,-55,-417,3896,-0.01,-0.01,0.00,-0.55,-4.17,38.96,-6.04,0.80,7.45,4.01,-0.50,-0.67
0,0,0,-52,-411,3908,-0.01,-0.01,0.00,-0.52,-4.11,39.08,-6.03,0.78,7.45,3.98,-0.51,-0.67
0,-1,1,-42,-412,3912,-0.00,-0.01,0.01,-0.42,-4.12,39.12,-6.03,0.76,7.45,3.98,-0.48,-0.75
0,-2,1,-47,-413,3896,-0.00,-0.02,0.01,-0.47,-4.13,38.96,-6.03,0.75,7.45,3.98,-0.45,-0.74
0,-1,0,-56,-413,3913,-0.00,-0.03,0.01,-0.56,-4.13,39.13,-6.03,0.77,7.45,3.98,-0.48,-0.66
0,-1,0,-52,-417,3911,-0.00,-0.03,0.01,-0.52,-4.17,39.11,-6.05,0.76,7.45,3.99,-0.47,-0.66
0,-1,1,-50,-407,3917,-0.00,-0.03,0.02,-0.50,-4.07,39.17,-6.03,0.76,7.45,3.98,-0.47,-0.74
0,-1,1,-54,-415,3919,-0.00,-0.04,0.02,-0.54,-4.15,39.19,-6.04,0.77,7.45,3.99,-0.48,-0.73
0,0,0,-59,-418,3901,-0.00,-0.03,0.02,-0.59,-4.18,39.01,-6.05,0.79,7.45,3.99,-0.51,-0.65
1,0,0,-56,-419,3907,0.00,-0.03,0.02,-0.56,-4.19,39.07,-6.07,0.79,7.45,3.98,-0.52,-0.65
0,0,0,-59,-405,3910,0.00,-0.03,0.02,-0.59,-4.05,39.10,-6.05,0.80,7.45,3.99,-0.52,-0.65
0,0,0,-61,-405,3907,0.00,-0.02,0.01,-0.61,-4.05,39.07,-6.04,0.81,7.45,3.98,-0.53,-0.66
0,-1,2,-50,-414,3899,0.00,-0.03,0.02,-0.50,-4.14,38.99,-6.04,0.79,7.45,3.99,-0.50,-0.81
1,-1,1,-55,-413,3902,0.01,-0.03,0.03,-0.55,-4.13,39.02,-6.04,0.81,7.45,3.97,-0.51,-0.73
-1,0,1,-62,-412,3907,0.00,-0.03,0.03,-0.62,-4.12,39.07,-6.04,0.83,7.45,4.00,-0.54,-0.72
-1,0,0,-64,-420,3908,-0.00,-0.03,0.03,-0.64,-4.20,39.08,-6.05,0.84,7.45,4.01,-0.55,-0.64
0,-1,0,-61,-418,3913,-0.00,-0.03,0.03,-0.61,-4.18,39.13,-6.06,0.86,7.45,4.00,-0.54,-0.64
-1,-1,0,-57,-409,3917,-0.01,-0.03,0.02,-0.57,-4.09,39.17,-6.05,0.85,7.45,4.01,-0.53,-0.65
1,-1,1,-50,-408,3906,-0.00,-0.03,0.03,-0.50,-4.08,39.06,-6.04,0.84,7.45,3.96,-0.52,-0.73
0,-1,1,-54,-410,3920,-0.00,-0.04,0.03,-0.54,-4.10,39.20,-6.02,0.82,7.45,3.97,-0.51,-0.72
-1,0,1,-56,-415,3919,-0.01,-0.03,0.03,-0.56,-4.15,39.19,-6.04,0.82,7.45,4.01,-0.53,-0.72
0,0,0,-61,-412,3911,-0.01,-0.03,0.03,-0.61,-4.12,39.11,-6.03,0.83,7.45,3.98,-0.54,-0.64
0,1,-1,-50,-413,3910,-0.01,-0.02,0.02,-0.50,-4.13,39.10,-6.03,0.82,7.45,3.98,-0.55,-0.56
0,0,-1,-55,-413,3903,-0.01,-0.02,0.01,-0.55,-4.13,39.03,-6.04,0.80,7.45,3.99,-0.52,-0.57
-1,0,0,-58,-412,3911,-0.01,-0.02,0.01,-0.58,-4.12,39.11,-6.03,0.82,7.45,4.00,-0.53,-0.66
-1,1,0,-55,-404,3912,-0.02,-0.01,0.01,-0.55,-4.04,39.12,-6.01,0.81,7.45,3.99,-0.55,-0.66
1,0,0,-59,-408,3921,-0.01,-0.01,0.01,-0.59,-4.08,39.21,-6.00,0.82,7.45,3.94,-0.54,-0.66
0,-1,0,-59,-419,3918,-0.01,-0.01,0.01,-0.59,-4.19,39.18,-6.02,0.83,7.45,3.97,-0.52,-0.66
0,-1,0,-56,-412,3917,-0.01,-0.02,0.01,-0.56,-4.12,39.17,-6.00,0.81,7.45,3.96,-0.51,-0.66
0,-1,1,-55,-411,3913,-0.01,-0.02,0.01,-0.55,-4.11,39.13,-5.99,0.80,7.45,3.96,-0.50,-0.74
0,0,1,-62,-416,3910,-0.01,-0.02,0.02,-0.62,-4.16,39.10,-6.01,0.81,7.45,3.97,-0.53,-0.74
-1,0,0,-61,-416,3903,-0.01,-0.02,0.02,-0.61,-4.16,39.03,-6.02,0.83,7.45,4.00,-0.54,-0.65
-1,-1,1,-60,-408,3899,-0.02,-0.02,0.02,-0.60,-4.08,38.99,-6.01,0.84,7.45,3.99,-0.53,-0.73
1,0,1,-62,-407,3914,-0.01,-0.02,0.02,-0.62,-4.07,39.14,-5.99,0.85,7.45,3.94,-0.56,-0.73
0,0,1,-56,-405,3919,-0.01,-0.02,0.03,-0.56,-4.05,39.19,-5.98,0.84,7.45,3.95,-0.55,-0.73
0,0,1,-51,-415,3915,-0.01,-0.02,0.03,-0.51,-4.15,39.15,-5.99,0.83,7.45,3.95,-0.54,-0.72
-1,0,1,-65,-417,3912,-0.01,-0.01,0.03,-0.65,-4.17,39.12,-6.00,0.84,7.45,3.98,-0.55,-0.72
-1,1,1,-56,-408,3916,-0.02,-0.01,0.04,-0.56,-4.08,39.16,-5.98,0.83,7.45,3.97,-0.57,-0.72
-1,0,-1,-53,-410,3913,-0.02,-0.01,0.03,-0.53,-4.10,39.13,-5.98,0.82,7.45,3.97,-0.54,-0.56
0,1,0,-60,-416,3914,-0.02,0.00,0.02,-0.60,-4.16,39.14,-6.00,0.83,7.45,3.96,-0.57,-0.64
0,0,0,-56,-416,3910,-0.02,0.00,0.02,-0.56,-4.16,39.10,-6.02,0.82,7.45,3.98,-0.54,-0.65
-1,0,0,-55,-409,3920,-0.02,0.00,0.02,-0.55,-4.09,39.20,-6.00,0.82,7.45,3.99,-0.54,-0.65
0,0,1,-56,-413,3922,-0.02,0.00,0.02,-0.56,-4.13,39.22,-6.02,0.81,7.45,3.98,-0.54,-0.73
-1,0,-1,-62,-424,3909,-0.02,0.00,0.02,-0.62,-4.24,39.09,-6.03,0.82,7.45,4.01,-0.54,-0.57
0,0,-1,-45,-415,3912,-0.02,0.00,0.01,-0.45,-4.15,39.12,-6.04,0.80,7.45,3.99,-0.53,-0.58
0,0,-2,-55,-414,3910,-0.02,0.00,-0.01,-0.55,-4.14,39.10,-6.05,0.80,7.45,4.00,-0.53,-0.51
0,-1,-1,-54,-411,3917,-0.02,-0.01,-0.01,-0.54,-4.11,39.17,-6.04,0.80,7.45,3.99,-0.50,-0.60
-1,0,-1,-51,-411,3909,-0.02,-0.01,-0.02,-0.51,-4.11,39.09,-6.03,0.78,7.45,4.00,-0.51,-0.60
-1,0,0,-49,-407,3906,-0.03,-0.00,-0.01,-0.49,-4.07,39.06,-6.01,0.77,7.45,4.00,-0.51,-0.69
0,0,0,-49,-405,3902,-0.02,-0.00,-0.01,-0.49,-4.05,39.02,-6.00,0.76,7.45,3.96,-0.50,-0.68
-1,-1,0,-57,-401,3906,-0.03,-0.01,-0.01,-0.57,-4.01,39.06,-5.98,0.77,7.45,3.98,-0.48,-0.68
-1,-1,0,-55,-406,3905,-0.03,-0.02,-0.01,-0.55,-4.06,39.05,-5.97,0.78,7.45,3.97,-0.49,-0.68
0,0,1,-57,-420,3909,-0.03,-0.01,-0.00,-0.57,-4.20,39.09,-5.98,0.78,7.45,3.96,-0.51,-0.76
0,1,1,-50,-417,3916,-0.02,-0.01,0.00,-0.50,-4.17,39.16,-6.00,0.77,7.45,3.97,-0.53,-0.75
-1,0,2,-60,-416,3910,-0.03,-0.01,0.02,-0.60,-4.16,39.10,-6.01,0.79,7.45,4.00,-0.52,-0.82
0,0,2,-53,-409,3909,-0.03,-0.00,0.03,-0.53,-4.09,39.09,-5.99,0.78,7.45,3.96,-0.51,-0.81
0,-1,0,-57,-401,3917,-0.02,-0.01,0.02,-0.57,-4.01,39.17,-5.98,0.79,7.45,3.95,-0.50,-0.65
0,0,0,-56,-409,3916,-0.02,-0.01,0.02,-0.56,-4.09,39.16,-5.97,0.80,7.45,3.94,-0.53,-0.65
0,2,1,-58,-412,3913,-0.02,0.00,0.02,-0.58,-4.12,39.13,-5.98,0.82,7.45,3.95,-0.58,-0.73
0,0,0,-56,-417,3901,-0.02,0.00,0.02,-0.56,-4.17,39.01,-6.00,0.82,7.45,3.96,-0.54,-0.65
-1,-1,-1,-59,-416,3914,-0.02,-0.00,0.01,-0.59,-4.16,39.14,-6.02,0.83,7.45,4.00,-0.52,-0.57
0,-1,0,-57,-405,3917,-0.02,-0.01,0.01,-0.57,-4.05,39.17,-6.00,0.83,7.45,3.96,-0.52,-0.66
0,0,2,-56,-406,3918,-0.02,-0.01,0.02,-0.56,-4.06,39.18,-5.98,0.82,7.45,3.95,-0.54,-0.81
0,0,2,-63,-406,3922,-0.02,-0.01,0.03,-0.63,-4.06,39.22,-5.97,0.84,7.45,3.94,-0.55,-0.80
0,-1,1,-58,-408,3917,-0.01,-0.01,0.04,-0.58,-4.08,39.17,-5.95,0.84,7.45,3.93,-0.53,-0.72
1,0,1,-58,-418,3923,-0.01,-0.01,0.04,-0.58,-4.18,39.23,-5.97,0.84,7.45,3.92,-0.55,-0.71
1,0,1,-60,-418,3907,0.00,-0.01,0.04,-0.60,-4.18,39.07,-5.99,0.85,7.45,3.93,-0.56,-0.71
0,-1,1,-55,-416,3905,0.00,-0.02,0.04,-0.55,-4.16,39.05,-6.00,0.84,7.45,3.96,-0.53,-0.71
1,0,1,-53,-415,3912,0.01,-0.01,0.04,-0.53,-4.15,39.12,-6.01,0.82,7.45,3.95,-0.54,-0.71
0,0,0,-54,-412,3911,0.01,-0.01,0.04,-0.54,-4.12,39.11,-6.01,0.81,7.45,3.97,-0.53,-0.63
0,-1,1,-56,-408,3902,0.01,-0.02,0.04,-0.56,-4.08,39.02,-6.00,0.81,7.45,3.96,-0.51,-0.71
0,-1,0,-55,-408,3912,0.00,-0.02,0.04,-0.55,-4.08,39.12,-5.98,0.81,7.45,3.94,-0.51,-0.63
-1,0,-1,-61,-411,3923,-0.00,-0.02,0.03,-0.61,-4.11,39.23,-5.98,0.82,7.45,3.97,-0.54,-0.56
0,0,-1,-67,-406,3920,-0.00,-0.02,0.02,-0.67,-4.06,39.20,-5.97,0.84,7.45,3.94,-0.55,-0.57
-2,3,-4,-59,-428,3925,-0.01,0.00,-0.01,-0.59,-4.28,39.25,-5.99,0.84,7.45,4.00,-0.62,-0.34
-1,0,-4,-60,-415,3919,-0.02,0.00,-0.03,-0.60,-4.15,39.19,-6.01,0.85,7.45,3.99,-0.56,-0.36
0,2,-3,-45,-409,3925,-0.02,0.01,-0.05,-0.45,-4.09,39.25,-6.00,0.83,7.45,3.97,-0.59,-0.46
0,2,-2,-41,-430,3913,-0.01,0.03,-0.05,-0.41,-4.30,39.13,-6.01,0.82,7.45,3.97,-0.59,-0.56
5,11,-10,-38,-473,3865,0.02,0.09,-0.11,-0.38,-4.73,38.65,-6.03,0.82,7.45,3.88,-0.79,0.06
0,-6,0,-117,-464,3915,0.02,0.04,-0.10,-1.17,-4.64,39.15,-6.04,0.83,7.45,3.98,-0.44,-0.77
0,-6,21,-107,-456,3919,0.01,0.00,0.04,-1.07,-4.56,39.19,-6.06,0.85,7.45,3.99,-0.44,-2.41
-5,-5,28,-94,-448,3946,-0.02,-0.03,0.21,-0.94,-4.48,39.46,-6.07,0.86,7.45,4.11,-0.46,-2.82
-1,-7,54,-89,-417,3949,-0.02,-0.07,0.52,-0.89,-4.17,39.49,-6.07,0.88,7.45,4.03,-0.42,-4.70
4,-2,61,-107,-441,3864,0.00,-0.07,0.84,-1.07,-4.41,38.64,-6.08,0.89,7.44,3.93,-0.53,-4.95
-10,-9,85,13,-315,3957,-0.06,-0.12,1.27,0.13,-3.15,39.57,-6.06,0.88,7.44,4.22,-0.37,-6.53
-2,6,82,102,-280,3862,-0.06,-0.07,1.64,1.02,-2.80,38.62,-6.05,0.87,7.43,4.05,-0.68,-5.88
4,0,13,5,-358,3919,-0.03,-0.06,1.56,0.05,-3.58,39.19,-6.04,0.86,7.43,3.91,-0.55,-0.12
5,2,7,-19,-409,3911,0.00,-0.05,1.45,-0.19,-4.09,39.11,-6.04,0.84,7.42,3.88,-0.58,0.27
2,2,0,-51,-402,3920,0.01,-0.03,1.30,-0.51,-4.02,39.20,-6.02,0.83,7.41,3.93,-0.58,0.71
0,0,1,-49,-406,3906,0.01,-0.03,1.18,-0.49,-4.06,39.06,-6.01,0.82,7.41,3.96,-0.53,0.49
0,-1,-2,-50,-397,3914,0.01,-0.03,1.05,-0.50,-3.97,39.14,-5.99,0.81,7.41,3.95,-0.51,0.61
0,0,2,-49,-410,3917,0.01,-0.03,0.95,-0.49,-4.10,39.17,-5.99,0.79,7.40,3.95,-0.51,0.18
0,0,1,-42,-405,3917,0.01,-0.02,0.87,-0.42,-4.05,39.17,-5.98,0.77,7.40,3.94,-0.50,0.17
0,0,3,-54,-417,3915,0.01,-0.02,0.80,-0.54,-4.17,39.15,-6.00,0.78,7.39,3.96,-0.51,-0.08
-1,-1,3,-48,-419,3913,0.00,-0.03,0.74,-0.48,-4.19,39.13,-6.01,0.77,7.39,3.99,-0.48,-0.14
-1,0,0,-64,-405,3919,-0.01,-0.02,0.66,-0.64,-4.05,39.19,-6.00,0.78,7.39,3.98,-0.51,0.04
0,0,2,-60,-409,3927,-0.00,-0.02,0.61,-0.60,-4.09,39.27,-5.99,0.80,7.39,3.96,-0.52,-0.19
1,0,0,-56,-418,3919,0.00,-0.02,0.55,-0.56,-4.18,39.19,-6.01,0.80,7.38,3.95,-0.52,-0.09
1,0,0,-57,-405,3893,0.01,-0.02,0.49,-0.57,-4.05,38.93,-5.99,0.81,7.38,3.93,-0.53,-0.14
1,-1,0,-57,-412,3904,0.01,-0.02,0.44,-0.57,-4.12,39.04,-6.01,0.82,7.38,3.94,-0.52,-0.19
1,0,-1,-58,-419,3913,0.02,-0.02,0.39,-0.58,-4.19,39.13,-6.03,0.82,7.38,3.95,-0.54,-0.16
1,0,0,-55,-417,3914,0.02,-0.02,0.35,-0.55,-4.17,39.14,-6.04,0.82,7.38,3.96,-0.53,-0.29
-1,-2,-2,-58,-397,3921,0.01,-0.03,0.31,-0.58,-3.97,39.21,-6.02,0.82,7.38,3.99,-0.49,-0.17
0,-1,1,-52,-411,3914,0.01,-0.03,0.28,-0.52,-4.11,39.14,-6.02,0.80,7.38,3.97,-0.50,-0.45
-1,1,1,-45,-418,3898,0.01,-0.02,0.26,-0.45,-4.18,38.98,-6.03,0.79,7.38,4.00,-0.53,-0.47
-1,2,1,-51,-395,3894,-0.00,-0.01,0.24,-0.51,-3.95,38.94,-6.01,0.78,7.37,3.99,-0.56,-0.49
-1,0,3,-60,-409,3904,-0.01,-0.01,0.23,-0.60,-4.09,39.04,-6.00,0.80,7.37,3.98,-0.53,-0.67
-1,0,2,-61,-418,3904,-0.01,-0.01,0.22,-0.61,-4.18,39.04,-6.02,0.81,7.37,4.00,-0.54,-0.60
-1,0,2,-45,-419,3919,-0.02,-0.01,0.21,-0.45,-4.19,39.19,-6.03,0.80,7.37,4.00,-0.52,-0.61
-1,0,0,-52,-416,3910,-0.02,-0.00,0.19,-0.52,-4.16,39.10,-6.04,0.79,7.37,4.01,-0.52,-0.46
-2,0,1,-55,-408,3905,-0.03,-0.00,0.18,-0.55,-4.08,39.05,-6.02,0.79,7.37,4.02,-0.52,-0.56
0,0,1,-55,-413,3911,-0.03,-0.00,0.17,-0.55,-4.13,39.11,-6.03,0.81,7.37,3.99,-0.53,-0.57
1,0,0,-55,-413,3899,-0.02,-0.00,0.15,-0.55,-4.13,38.99,-6.05,0.80,7.37,3.98,-0.53,-0.50
0,0,0,-57,-424,3898,-0.02,-0.00,0.13,-0.57,-4.24,38.98,-6.07,0.81,7.37,4.01,-0.53,-0.52
-1,0,0,-59,-422,3912,-0.02,-0.00,0.12,-0.59,-4.22,39.12,-6.08,0.82,7.37,4.04,-0.54,-0.53
-2,-1,1,-51,-414,3917,-0.03,-0.01,0.12,-0.51,-4.14,39.17,-6.07,0.80,7.37,4.06,-0.51,-0.63
-3,0,1,-64,-412,3917,-0.05,-0.01,0.11,-0.64,-4.12,39.17,-6.06,0.82,7.37,4.08,-0.54,-0.63
-4,0,0,-56,-409,3911,-0.07,-0.01,0.10,-0.56,-4.09,39.11,-6.05,0.82,7.37,4.09,-0.54,-0.56
-5,0,1,-67,-405,3910,-0.09,-0.01,0.10,-0.67,-4.05,39.10,-6.03,0.83,7.37,4.11,-0.55,-0.65
-4,1,1,-68,-400,3916,-0.11,0.00,0.09,-0.68,-4.00,39.16,-6.02,0.84,7.37,4.08,-0.58,-0.65
-5,1,1,-54,-414,3913,-0.13,0.01,0.09,-0.54,-4.14,39.13,-6.03,0.82,7.37,4.11,-0.57,-0.65
-5,2,1,-47,-423,3920,-0.14,0.02,0.09,-0.47,-4.23,39.20,-6.04,0.81,7.37,4.13,-0.58,-0.66
-6,2,1,-47,-427,3903,-0.17,0.03,0.08,-0.47,-4.27,39.03,-6.06,0.80,7.36,4.16,-0.58,-0.66
-6,1,1,-50,-424,3893,-0.19,0.03,0.08,-0.50,-4.24,38.93,-6.07,0.79,7.36,4.18,-0.55,-0.66
-5,1,0,-53,-430,3890,-0.20,0.03,0.07,-0.53,-4.30,38.90,-6.09,0.79,7.36,4.18,-0.55,-0.59
-4,0,0,-45,-421,3906,-0.20,0.03,0.07,-0.45,-4.21,39.06,-6.10,0.78,7.36,4.16,-0.52,-0.59
-3,0,-1,-65,-407,3902,-0.20,0.03,0.05,-0.65,-4.07,39.02,-6.09,0.79,7.36,4.13,-0.53,-0.52
-2,0,-1,-61,-403,3914,-0.19,0.03,0.04,-0.61,-4.03,39.14,-6.07,0.80,7.36,4.10,-0.53,-0.53
-2,0,0,-59,-392,3906,-0.19,0.02,0.04,-0.59,-3.92,39.06,-6.06,0.80,7.36,4.09,-0.54,-0.62
-1,0,1,-58,-403,3897,-0.17,0.02,0.04,-0.58,-4.03,38.97,-6.04,0.81,7.36,4.05,-0.54,-0.71
0,0,1,-61,-420,3908,-0.16,0.02,0.04,-0.61,-4.20,39.08,-6.05,0.82,7.36,4.04,-0.55,-0.70
0,0,1,-52,-411,3914,-0.14,0.02,0.04,-0.52,-4.11,39.14,-6.04,0.81,7.36,4.03,-0.54,-0.70
-1,-1,1,-60,-424,3901,-0.13,0.01,0.05,-0.60,-4.24,39.01,-6.06,0.81,7.36,4.06,-0.52,-0.70
0,-1,1,-58,-422,3892,-0.12,0.00,0.05,-0.58,-4.22,38.92,-6.08,0.82,7.36,4.04,-0.52,-0.70
0,0,1,-59,-419,3909,-0.11,0.00,0.05,-0.59,-4.19,39.09,-6.09,0.83,7.36,4.05,-0.55,-0.70
-1,-1,0,-60,-414,3912,-0.10,-0.00,0.04,-0.60,-4.14,39.12,-6.08,0.84,7.36,4.06,-0.54,-0.62
0,-1,0,-59,-407,3910,-0.09,-0.01,0.04,-0.59,-4.07,39.10,-6.06,0.85,7.36,4.02,-0.53,-0.62
-1,0,0,-61,-401,3900,-0.09,-0.01,0.04,-0.61,-4.01,39.00,-6.04,0.85,7.36,4.03,-0.56,-0.63
0,0,2,-58,-408,3913,-0.08,-0.01,0.04,-0.58,-4.08,39.13,-6.02,0.85,7.36,4.00,-0.56,-0.79
1,0,2,-61,-406,3906,-0.07,-0.01,0.05,-0.61,-4.06,39.06,-6.01,0.86,7.36,3.96,-0.56,-0.78
0,0,2,-53,-417,3908,-0.06,-0.01,0.06,-0.53,-4.17,39.08,-6.02,0.84,7.36,3.99,-0.55,-0.77
0,0,2,-56,-422,3909,-0.05,-0.01,0.07,-0.56,-4.22,39.09,-6.04,0.84,7.36,4.00,-0.55,-0.76
1,0,1,-49,-425,3920,-0.04,-0.01,0.06,-0.49,-4.25,39.20,-6.05,0.83,7.36,3.99,-0.54,-0.68
0,0,1,-46,-420,3911,-0.04,-0.00,0.06,-0.46,-4.20,39.11,-6.06,0.81,7.36,4.01,-0.53,-0.68
-1,0,1,-54,-412,3909,-0.04,-0.00,0.06,-0.54,-4.12,39.09,-6.05,0.80,7.36,4.02,-0.53,-0.68
0,0,1,-52,-423,3913,-0.04,-0.00,0.06,-0.52,-4.23,39.13,-6.06,0.80,7.36,4.01,-0.52,-0.68
0,0,2,-56,-412,3903,-0.03,-0.00,0.07,-0.56,-4.12,39.03,-6.05,0.81,7.36,4.00,-0.53,-0.76
0,1,2,-59,-409,3906,-0.03,0.00,0.07,-0.59,-4.09,39.06,-6.03,0.82,7.36,3.99,-0.56,-0.75
0,0,1,-53,-409,3903,-0.03,0.00,0.07,-0.53,-4.09,39.03,-6.02,0.81,7.36,3.98,-0.53,-0.67
0,0,2,-56,-410,3906,-0.02,0.00,0.08,-0.56,-4.10,39.06,-6.00,0.81,7.36,3.97,-0.54,-0.75
-1,0,1,-54,-419,3916,-0.03,0.00,0.08,-0.54,-4.19,39.16,-6.02,0.81,7.36,4.00,-0.53,-0.67
-1,0,1,-56,-415,3902,-0.03,0.00,0.07,-0.56,-4.15,39.02,-6.04,0.81,7.36,4.01,-0.54,-0.67
-1,-1,0,-60,-407,3901,-0.03,-0.00,0.07,-0.60,-4.07,39.01,-6.02,0.82,7.36,4.01,-0.52,-0.59
0,-1,0,-60,-410,3912,-0.03,-0.01,0.06,-0.60,-4.10,39.12,-6.01,0.84,7.36,3.98,-0.53,-0.60
0,0,1,-52,-415,3904,-0.03,-0.01,0.06,-0.52,-4.15,39.04,-6.02,0.82,7.36,3.98,-0.54,-0.68
1,0,1,-57,-418,3910,-0.02,-0.01,0.06,-0.57,-4.18,39.10,-6.04,0.82,7.36,3.97,-0.54,-0.68
1,1,1,-57,-413,3903,-0.01,-0.00,0.06,-0.57,-4.13,39.03,-6.04,0.84,7.36,3.97,-0.58,-0.68
0,-1,0,-54,-417,3900,-0.01,-0.01,0.05,-0.54,-4.17,39.00,-6.05,0.83,7.36,4.00,-0.53,-0.60
1,0,1,-62,-423,3913,-0.00,-0.01,0.06,-0.62,-4.23,39.13,-6.07,0.84,7.36,3.99,-0.55,-0.69
0,-1,0,-61,-417,3912,-0.00,-0.01,0.05,-0.61,-4.17,39.12,-6.07,0.86,7.36,4.01,-0.54,-0.61
1,0,0,-50,-410,3910,0.00,-0.01,0.04,-0.50,-4.10,39.10,-6.06,0.84,7.36,3.98,-0.55,-0.61
0,0,0,-54,-417,3917,0.00,-0.01,0.04,-0.54,-4.17,39.17,-6.07,0.82,7.36,4.00,-0.54,-0.62
0,-1,0,-48,-413,3911,0.00,-0.01,0.04,-0.48,-4.13,39.11,-6.06,0.81,7.36,4.00,-0.51,-0.62
-1,-1,0,-47,-416,3914,-0.00,-0.02,0.03,-0.47,-4.16,39.14,-6.06,0.79,7.36,4.02,-0.49,-0.63
0,0,0,-58,-408,3893,-0.00,-0.02,0.03,-0.58,-4.08,38.93,-6.05,0.80,7.36,3.99,-0.52,-0.63
0,0,1,-58,-416,3902,-0.00,-0.02,0.03,-0.58,-4.16,39.02,-6.06,0.81,7.36,4.00,-0.53,-0.71
0,0,1,-51,-415,3912,-0.00,-0.01,0.04,-0.51,-4.15,39.12,-6.06,0.80,7.36,4.00,-0.52,-0.71
0,0,2,-51,-411,3897,-0.00,-0.01,0.04,-0.51,-4.11,38.97,-6.05,0.78,7.35,3.99,-0.51,-0.78
-1,-1,1,-56,-415,3918,-0.01,-0.02,0.05,-0.56,-4.15,39.18,-6.05,0.80,7.35,4.01,-0.50,-0.70
-1,-1,1,-56,-416,3921,-0.01,-0.02,0.05,-0.56,-4.16,39.21,-6.06,0.81,7.35,4.02,-0.51,-0.70
0,-1,1,-54,-410,3904,-0.01,-0.03,0.05,-0.54,-4.10,39.04,-6.04,0.81,7.35,3.99,-0.51,-0.70
0,-1,1,-50,-409,3912,-0.01,-0.03,0.05,-0.50,-4.09,39.12,-6.03,0.79,7.35,3.98,-0.50,-0.69
0,-1,1,-49,-410,3914,-0.01,-0.03,0.05,-0.49,-4.10,39.14,-6.02,0.78,7.35,3.97,-0.48,-0.69
0,-1,1,-52,-412,3910,-0.01,-0.04,0.05,-0.52,-4.12,39.10,-6.02,0.76,7.35,3.97,-0.47,-0.69
0,-1,1,-53,-415,3902,-0.01,-0.04,0.05,-0.53,-4.15,39.02,-6.03,0.76,7.35,3.98,-0.47,-0.69
-1,0,3,-62,-416,3899,-0.01,-0.03,0.07,-0.62,-4.16,38.99,-6.04,0.78,7.35,4.01,-0.51,-0.85
-1,0,5,-53,-414,3893,-0.02,-0.03,0.09,-0.53,-4.14,38.93,-6.06,0.78,7.35,4.02,-0.50,-0.99
0,1,6,-58,-406,3905,-0.02,-0.02,0.12,-0.58,-4.06,39.05,-6.04,0.79,7.35,3.99,-0.53,-1.05
3,10,17,-1,-300,3928,0.00,0.04,0.21,-0.01,-3.00,39.28,-6.03,0.78,7.35,3.91,-0.73,-1.88
1,16,39,-20,-158,3913,0.01,0.14,0.43,-0.20,-1.58,39.13,-6.01,0.78,7.35,3.94,-0.88,-3.51
8,17,216,-23,-414,4046,0.06,0.23,1.70,-0.23,-4.14,40.46,-6.00,0.76,7.34,3.78,-0.91,-17.16
5,6,192,-40,-219,3904,0.08,0.24,2.70,-0.40,-2.19,39.04,-5.98,0.76,7.33,3.82,-0.69,-14.06
-5,-7,227,-272,-305,3898,0.04,0.17,3.82,-2.72,-3.05,38.98,-5.97,0.78,7.32,4.03,-0.42,-15.85
-12,-2,226,-266,-365,3823,-0.03,0.14,4.81,-2.66,-3.65,38.23,-5.97,0.80,7.30,4.19,-0.53,-14.71
1,-1,140,-183,-650,3864,-0.02,0.12,5.19,-1.83,-6.50,38.64,-5.99,0.81,7.28,3.94,-0.55,-7.02
-4,-10,87,-66,-675,3898,-0.05,0.05,5.20,-0.66,-6.75,38.98,-6.01,0.82,7.26,4.06,-0.35,-2.52
2,-2,4,147,-614,3844,-0.03,0.03,4.70,1.47,-6.14,38.44,-6.02,0.81,7.24,3.94,-0.50,3.99
0,2,-12,140,-572,3921,-0.03,0.04,4.16,1.40,-5.72,39.21,-6.03,0.79,7.22,3.99,-0.58,4.77
1,3,-21,28,-463,3923,-0.02,0.06,3.62,0.28,-4.63,39.23,-6.04,0.78,7.21,3.97,-0.59,4.96
0,2,-12,11,-431,3919,-0.02,0.06,3.18,0.11,-4.31,39.19,-6.04,0.76,7.19,3.99,-0.56,3.74
0,1,-1,-38,-414,3903,-0.01,0.06,2.86,-0.38,-4.14,39.03,-6.04,0.75,7.18,3.99,-0.53,2.46
0,1,0,-48,-418,3904,-0.01,0.06,2.57,-0.48,-4.18,39.04,-6.06,0.74,7.17,4.00,-0.52,2.08
0,0,-1,-53,-406,3897,-0.01,0.06,2.31,-0.53,-4.06,38.97,-6.04,0.74,7.16,3.99,-0.51,1.88
0,-1,-1,-52,-413,3902,-0.01,0.04,2.07,-0.52,-4.13,39.02,-6.04,0.76,7.16,3.99,-0.50,1.63
0,0,1,-57,-421,3915,-0.01,0.04,1.87,-0.57,-4.21,39.15,-6.06,0.78,7.15,4.00,-0.52,1.25
-1,-1,3,-58,-410,3907,-0.01,0.03,1.70,-0.58,-4.10,39.07,-6.04,0.79,7.14,4.01,-0.51,0.90
0,-1,3,-49,-423,3909,-0.01,0.02,1.55,-0.49,-4.23,39.09,-6.06,0.78,7.14,4.00,-0.50,0.74
1,0,2,-55,-423,3912,-0.01,0.02,1.41,-0.55,-4.23,39.12,-6.08,0.78,7.13,3.99,-0.52,0.68
0,0,2,-55,-407,3908,-0.01,0.02,1.28,-0.55,-4.07,39.08,-6.06,0.79,7.13,4.00,-0.52,0.54
0,0,1,-59,-415,3910,-0.00,0.01,1.16,-0.59,-4.15,39.10,-6.06,0.81,7.12,4.00,-0.54,0.50
0,-1,0,-61,-421,3909,-0.00,0.01,1.04,-0.61,-4.21,39.09,-6.07,0.82,7.12,4.01,-0.52,0.46
-1,0,-1,-59,-421,3906,-0.01,0.01,0.93,-0.59,-4.21,39.06,-6.09,0.83,7.11,4.04,-0.55,0.43
-1,-1,-1,-64,-418,3908,-0.02,-0.00,0.83,-0.64,-4.18,39.08,-6.09,0.85,7.11,4.05,-0.54,0.33
0,0,-1,-57,-413,3912,-0.01,-0.00,0.74,-0.57,-4.13,39.12,-6.07,0.84,7.11,4.01,-0.56,0.23
0,0,0,-52,-402,3919,-0.01,-0.00,0.67,-0.52,-4.02,39.19,-6.06,0.84,7.10,4.00,-0.55,0.07
0,0,0,-48,-420,3907,-0.01,-0.00,0.60,-0.48,-4.20,39.07,-6.07,0.82,7.10,4.01,-0.54,-0.00
0,0,0,-48,-429,3894,-0.01,-0.00,0.54,-0.48,-4.29,38.94,-6.08,0.81,7.10,4.02,-0.54,-0.07
1,0,0,-52,-424,3903,-0.00,-0.00,0.49,-0.52,-4.24,39.03,-6.10,0.80,7.10,4.01,-0.53,-0.12
0,0,0,-61,-409,3907,-0.00,-0.00,0.44,-0.61,-4.09,39.07,-6.08,0.82,7.10,4.02,-0.54,-0.17
-1,0,1,-54,-407,3901,-0.01,-0.00,0.40,-0.54,-4.07,39.01,-6.07,0.81,7.09,4.03,-0.54,-0.30
-1,0,0,-55,-413,3903,-0.01,-0.00,0.36,-0.55,-4.13,39.03,-6.05,0.81,7.09,4.02,-0.53,-0.26
0,0,0,-53,-419,3907,-0.01,-0.00,0.32,-0.53,-4.19,39.07,-6.07,0.80,7.09,4.01,-0.53,-0.29
0,-1,0,-54,-418,3915,-0.01,-0.01,0.29,-0.54,-4.18,39.15,-6.08,0.79,7.09,4.02,-0.50,-0.33
0,-1,0,-57,-418,3907,-0.01,-0.01,0.26,-0.57,-4.18,39.07,-6.09,0.81,7.09,4.02,-0.51,-0.36
0,0,0,-59,-407,3920,-0.01,-0.01,0.24,-0.59,-4.07,39.20,-6.07,0.81,7.09,4.01,-0.53,-0.39
1,0,1,-61,-408,3913,-0.00,-0.01,0.22,-0.61,-4.08,39.13,-6.06,0.82,7.09,3.98,-0.54,-0.49
1,0,0,-61,-422,3915,0.00,-0.01,0.20,-0.61,-4.22,39.15,-6.07,0.83,7.09,3.99,-0.55,-0.43
0,0,0,-55,-418,3909,0.00,-0.01,0.18,-0.55,-4.18,39.09,-6.09,0.82,7.09,4.02,-0.54,-0.45
0,0,1,-50,-416,3903,0.00,-0.01,0.17,-0.50,-4.16,39.03,-6.09,0.80,7.09,4.02,-0.53,-0.55
0,0,1,-51,-422,3916,0.00,-0.01,0.16,-0.51,-4.22,39.16,-6.10,0.79,7.09,4.02,-0.52,-0.56
0,-1,0,-55,-415,3909,0.00,-0.01,0.14,-0.55,-4.15,39.09,-6.08,0.79,7.08,4.01,-0.50,-0.49
0,0,0,-52,-414,3913,0.00,-0.01,0.13,-0.52,-4.14,39.13,-6.07,0.78,7.08,4.00,-0.51,-0.50
0,-1,0,-61,-410,3913,0.00,-0.02,0.11,-0.61,-4.10,39.13,-6.06,0.80,7.08,4.00,-0.50,-0.52
0,0,0,-56,-408,3907,0.00,-0.01,0.10,-0.56,-4.08,39.07,-6.04,0.80,7.08,3.99,-0.52,-0.53
-1,-1,-1,-61,-410,3903,-0.00,-0.02,0.09,-0.61,-4.10,39.03,-6.03,0.82,7.08,4.00,-0.51,-0.46
-1,-1,0,-53,-408,3903,-0.01,-0.02,0.08,-0.53,-4.08,39.03,-6.02,0.81,7.08,3.99,-0.51,-0.56
-1,-1,0,-63,-412,3907,-0.02,-0.03,0.07,-0.63,-4.12,39.07,-6.02,0.82,7.08,4.00,-0.52,-0.56
0,-1,0,-57,-411,3905,-0.01,-0.03,0.06,-0.57,-4.11,39.05,-6.00,0.84,7.08,3.97,-0.52,-0.57
0,-1,1,-51,-410,3904,-0.01,-0.03,0.06,-0.51,-4.10,39.04,-6.00,0.82,7.08,3.96,-0.51,-0.66
-1,-1,1,-54,-418,3908,-0.02,-0.04,0.06,-0.54,-4.18,39.08,-6.02,0.81,7.08,4.00,-0.51,-0.66
-1,-1,0,-66,-418,3912,-0.02,-0.04,0.06,-0.66,-4.18,39.12,-6.03,0.83,7.08,4.00,-0.52,-0.58
-1,1,1,-67,-407,3902,-0.03,-0.03,0.06,-0.67,-4.07,39.02,-6.02,0.84,7.08,4.00,-0.57,-0.66
0,0,1,-58,-411,3904,-0.02,-0.03,0.06,-0.58,-4.11,39.04,-6.00,0.85,7.08,3.97,-0.55,-0.66
1,-1,1,-62,-411,3912,-0.01,-0.03,0.06,-0.62,-4.11,39.12,-6.00,0.87,7.08,3.94,-0.54,-0.66
0,0,0,-54,-409,3913,-0.01,-0.03,0.05,-0.54,-4.09,39.13,-5.99,0.85,7.08,3.96,-0.55,-0.58
0,0,0,-59,-413,3915,-0.01,-0.02,0.05,-0.59,-4.13,39.15,-6.01,0.85,7.08,3.97,-0.56,-0.59
0,0,1,-59,-419,3909,-0.01,-0.02,0.05,-0.59,-4.19,39.09,-6.03,0.86,7.08,3.98,-0.56,-0.67
0,0,1,-53,-414,3910,-0.01,-0.02,0.05,-0.53,-4.14,39.10,-6.03,0.84,7.08,3.98,-0.55,-0.67
0,0,1,-59,-414,3901,-0.01,-0.02,0.05,-0.59,-4.14,39.01,-6.05,0.85,7.08,3.99,-0.56,-0.67
1,0,1,-60,-415,3906,-0.00,-0.02,0.05,-0.60,-4.15,39.06,-6.06,0.86,7.08,3.98,-0.57,-0.67
-1,0,1,-56,-413,3900,-0.01,-0.01,0.05,-0.56,-4.13,39.00,-6.05,0.85,7.08,4.02,-0.55,-0.67
-1,-1,0,-58,-413,3910,-0.01,-0.02,0.05,-0.58,-4.13,39.10,-6.03,0.85,7.08,4.01,-0.53,-0.59
0,0,1,-66,-413,3915,-0.01,-0.02,0.05,-0.66,-4.13,39.15,-6.03,0.86,7.08,3.98,-0.57,-0.67
0,0,1,-60,-417,3915,-0.01,-0.02,0.05,-0.60,-4.17,39.15,-6.05,0.87,7.08,4.00,-0.57,-0.67
0,-1,0,-51,-409,3922,-0.01,-0.02,0.04,-0.51,-4.09,39.22,-6.04,0.85,7.08,3.99,-0.54,-0.59
-1,0,0,-53,-419,3915,-0.01,-0.02,0.04,-0.53,-4.19,39.15,-6.05,0.84,7.08,4.02,-0.55,-0.59
-1,-1,0,-58,-426,3924,-0.02,-0.02,0.04,-0.58,-4.26,39.24,-6.07,0.84,7.08,4.03,-0.53,-0.60
0,0,1,-53,-419,3918,-0.02,-0.02,0.04,-0.53,-4.19,39.18,-6.08,0.82,7.08,4.02,-0.54,-0.68
0,0,1,-54,-415,3909,-0.02,-0.02,0.04,-0.54,-4.15,39.09,-6.07,0.81,7.08,4.01,-0.53,-0.68
1,0,0,-55,-419,3916,-0.01,-0.02,0.04,-0.55,-4.19,39.16,-6.09,0.80,7.08,4.00,-0.53,-0.60
0,-1,1,-53,-410,3911,-0.01,-0.02,0.04,-0.53,-4.10,39.11,-6.07,0.80,7.08,4.01,-0.50,-0.68
-1,-1,0,-57,-420,3905,-0.01,-0.02,0.04,-0.57,-4.20,39.05,-6.09,0.81,7.08,4.04,-0.50,-0.60
0,-1,0,-66,-426,3910,-0.01,-0.03,0.03,-0.66,-4.26,39.10,-6.10,0.82,7.08,4.03,-0.51,-0.60
0,0,0,-63,-416,3896,-0.01,-0.03,0.03,-0.63,-4.16,38.96,-6.10,0.84,7.08,4.03,-0.55,-0.61
0,0,0,-56,-408,3906,-0.01,-0.02,0.03,-0.56,-4.08,39.06,-6.08,0.84,7.08,4.02,-0.54,-0.61
0,-1,1,-54,-418,3905,-0.01,-0.03,0.03,-0.54,-4.18,39.05,-6.09,0.82,7.08,4.02,-0.51,-0.69
-1,0,1,-57,-410,3903,-0.01,-0.02,0.03,-0.57,-4.10,39.03,-6.07,0.82,7.08,4.03,-0.54,-0.69
-1,0,0,-51,-410,3914,-0.02,-0.02,0.03,-0.51,-4.10,39.14,-6.06,0.81,7.08,4.02,-0.53,-0.61
0,0,0,-55,-414,3911,-0.02,-0.02,0.03,-0.55,-4.14,39.11,-6.04,0.80,7.08,3.99,-0.52,-0.61
0,-1,-1,-61,-415,3903,-0.01,-0.02,0.02,-0.61,-4.15,39.03,-6.05,0.82,7.08,4.00,-0.51,-0.53
-1,-1,0,-60,-412,3899,-0.02,-0.03,0.02,-0.60,-4.12,38.99,-6.04,0.84,7.08,4.01,-0.52,-0.62
0,0,0,-58,-414,3901,-0.02,-0.02,0.01,-0.58,-4.14,39.01,-6.06,0.85,7.08,4.00,-0.55,-0.62
0,0,0,-55,-413,3905,-0.02,-0.02,0.01,-0.55,-4.13,39.05,-6.05,0.83,7.08,4.00,-0.54,-0.62
-1,0,1,-52,-411,3903,-0.02,-0.02,0.02,-0.52,-4.11,39.03,-6.04,0.81,7.08,4.01,-0.53,-0.70
0,0,0,-53,-418,3905,-0.02,-0.02,0.02,-0.53,-4.18,39.05,-6.06,0.80,7.08,4.00,-0.53,-0.62
-1,0,0,-61,-416,3921,-0.02,-0.02,0.01,-0.61,-4.16,39.21,-6.06,0.82,7.08,4.02,-0.54,-0.62
0,1,0,-61,-414,3912,-0.02,-0.01,0.01,-0.61,-4.14,39.12,-6.05,0.84,7.08,4.00,-0.57,-0.62
0,0,0,-58,-411,3912,-0.02,-0.01,0.01,-0.58,-4.11,39.12,-6.03,0.84,7.07,3.99,-0.55,-0.62
-1,0,1,-65,-417,3926,-0.02,-0.01,0.02,-0.65,-4.17,39.26,-6.04,0.86,7.07,4.01,-0.57,-0.70
0,0,1,-62,-417,3910,-0.02,-0.01,0.02,-0.62,-4.17,39.10,-6.05,0.87,7.07,4.00,-0.57,-0.70
-1,1,3,-69,-420,3909,-0.02,0.00,0.04,-0.69,-4.20,39.09,-6.06,0.89,7.07,4.03,-0.61,-0.85
-2,3,3,-67,-433,3906,-0.03,0.02,0.05,-0.67,-4.33,39.06,-6.08,0.89,7.07,4.06,-0.66,-0.84
-2,5,9,-58,-381,3928,-0.04,0.05,0.10,-0.58,-3.81,39.28,-6.06,0.89,7.07,4.05,-0.70,-1.29
-2,3,8,-59,-387,3936,-0.05,0.06,0.14,-0.59,-3.87,39.36,-6.04,0.89,7.07,4.04,-0.67,-1.17
-2,-2,7,-65,-438,3904,-0.06,0.04,0.17,-0.65,-4.38,39.04,-6.06,0.89,7.07,4.06,-0.56,-1.05
-1,-4,10,-72,-559,3884,-0.06,0.01,0.21,-0.72,-5.59,38.84,-6.08,0.90,7.07,4.05,-0.51,-1.26
0,3,82,-115,-747,3882,-0.05,0.03,0.69,-1.15,-7.47,38.82,-6.10,0.90,7.07,4.04,-0.66,-6.85
-10,-9,117,-180,-688,3918,-0.11,-0.03,1.34,-1.80,-6.88,39.18,-6.12,0.91,7.06,4.27,-0.41,-9.13
-12,-8,212,-216,-592,4001,-0.17,-0.07,2.50,-2.16,-5.92,40.01,-6.13,0.92,7.06,4.34,-0.42,-15.95
-2,-5,227,-215,-540,3936,-0.17,-0.10,3.63,-2.15,-5.40,39.36,-6.14,0.94,7.04,4.14,-0.49,-16.02
-1,-12,236,-135,-401,3909,-0.16,-0.16,4.71,-1.35,-4.01,39.09,-6.14,0.95,7.02,4.11,-0.34,-15.64
-7,0,233,-55,-337,3915,-0.18,-0.14,5.66,-0.55,-3.37,39.15,-6.12,0.95,7.00,4.23,-0.59,-14.38
-11,-1,207,-9,-213,4042,-0.23,-0.14,6.35,-0.09,-2.13,40.42,-6.10,0.95,6.97,4.31,-0.57,-11.44
-7,-3,195,9,-159,3898,-0.25,-0.14,6.91,0.09,-1.59,38.98,-6.08,0.95,6.95,4.23,-0.53,-9.83
6,5,159,-33,-277,3852,-0.19,-0.10,7.19,-0.33,-2.77,38.52,-6.07,0.95,6.92,3.93,-0.70,-6.48
-6,-3,138,59,-295,3964,-0.21,-0.10,7.31,0.59,-2.95,39.64,-6.05,0.94,6.89,4.17,-0.53,-4.57
-3,-1,60,99,-263,3882,-0.20,-0.10,6.95,0.99,-2.63,38.82,-6.04,0.93,6.86,4.11,-0.56,1.65
3,0,31,75,-293,3898,-0.17,-0.09,6.44,0.75,-2.93,38.98,-6.03,0.91,6.83,3.96,-0.58,3.58
3,-1,5,-45,-390,3925,-0.13,-0.09,5.83,-0.45,-3.90,39.25,-6.02,0.91,6.81,3.95,-0.55,5.13
3,2,-1,-58,-416,3912,-0.10,-0.07,5.24,-0.58,-4.16,39.12,-6.03,0.89,6.79,3.95,-0.61,5.02
5,3,-5,-65,-418,3919,-0.06,-0.04,4.68,-0.65,-4.18,39.19,-6.04,0.91,6.77,3.90,-0.65,4.77
3,1,-3,-68,-410,3905,-0.03,-0.03,4.20,-0.68,-4.10,39.05,-6.03,0.93,6.75,3.93,-0.62,4.09
3,-7,0,-21,-380,3947,-0.01,-0.07,3.78,-0.21,-3.80,39.47,-6.02,0.91,6.74,3.92,-0.44,3.39
-2,-9,-2,-53,-402,3894,-0.02,-0.12,3.39,-0.53,-4.02,38.94,-6.01,0.90,6.73,4.01,-0.38,3.15
1,1,3,-82,-401,3926,-0.02,-0.10,3.07,-0.82,-4.01,39.26,-6.00,0.92,6.71,3.94,-0.60,2.39
2,0,-1,-80,-429,3926,-0.00,-0.09,2.75,-0.80,-4.29,39.26,-6.01,0.93,6.70,3.93,-0.59,2.40
2,0,-2,-71,-426,3928,0.01,-0.08,2.47,-0.71,-4.26,39.28,-6.03,0.94,6.69,3.93,-0.60,2.18
0,0,0,-29,-397,3884,0.01,-0.07,2.22,-0.29,-3.97,38.84,-6.02,0.92,6.68,3.97,-0.59,1.75
1,2,-1,-36,-423,3908,0.01,-0.05,1.99,-0.36,-4.23,39.08,-6.03,0.91,6.68,3.95,-0.62,1.59
1,-1,1,-68,-417,3921,0.02,-0.05,1.80,-0.68,-4.17,39.21,-6.04,0.92,6.67,3.96,-0.57,1.22
1,-2,0,-73,-425,3916,0.02,-0.06,1.62,-0.73,-4.25,39.16,-6.05,0.94,6.66,3.97,-0.56,1.11
-1,0,2,-44,-404,3925,0.02,-0.06,1.47,-0.44,-4.04,39.25,-6.04,0.92,6.66,4.00,-0.59,0.79
-1,-1,2,-50,-408,3915,0.01,-0.06,1.33,-0.50,-4.08,39.15,-6.03,0.90,6.65,4.00,-0.56,0.65
-1,-1,1,-59,-414,3919,0.00,-0.06,1.21,-0.59,-4.14,39.19,-6.03,0.89,6.65,4.00,-0.55,0.60
0,-1,3,-59,-419,3900,0.00,-0.06,1.10,-0.59,-4.19,39.00,-6.05,0.88,6.64,3.99,-0.55,0.32
0,-1,1,-48,-406,3904,0.00,-0.06,1.00,-0.48,-4.06,39.04,-6.04,0.87,6.64,3.99,-0.54,0.38
0,-1,0,-51,-414,3905,0.00,-0.06,0.90,-0.51,-4.14,39.05,-6.04,0.85,6.63,3.99,-0.52,0.36
-1,0,1,-62,-417,3908,-0.01,-0.05,0.82,-0.62,-4.17,39.08,-6.05,0.86,6.63,4.02,-0.56,0.18
-1,0,0,-60,-419,3911,-0.01,-0.05,0.73,-0.60,-4.19,39.11,-6.07,0.87,6.63,4.03,-0.56,0.18
-1,0,1,-48,-410,3912,-0.02,-0.04,0.67,-0.48,-4.10,39.12,-6.06,0.85,6.63,4.03,-0.55,0.03
0,0,0,-50,-428,3913,-0.01,-0.04,0.60,-0.50,-4.28,39.13,-6.08,0.84,6.62,4.02,-0.54,0.04
0,0,1,-64,-420,3916,-0.01,-0.03,0.55,-0.64,-4.20,39.16,-6.09,0.86,6.62,4.02,-0.56,-0.10
0,-1,1,-67,-416,3904,-0.01,-0.04,0.50,-0.67,-4.16,39.04,-6.09,0.87,6.62,4.02,-0.55,-0.15
0,-1,1,-55,-421,3907,-0.01,-0.04,0.45,-0.55,-4.21,39.07,-6.10,0.86,6.62,4.03,-0.54,-0.20
-1,-1,1,-53,-422,3904,-0.02,-0.04,0.42,-0.53,-4.22,39.04,-6.11,0.85,6.62,4.06,-0.53,-0.24
0,-1,1,-57,-419,3906,-0.01,-0.04,0.38,-0.57,-4.19,39.06,-6.12,0.83,6.61,4.04,-0.52,-0.28
0,-1,1,-52,-413,3899,-0.01,-0.05,0.35,-0.52,-4.13,38.99,-6.11,0.82,6.61,4.03,-0.51,-0.31
0,0,1,-55,-413,3907,-0.01,-0.04,0.32,-0.55,-4.13,39.07,-6.09,0.82,6.61,4.02,-0.53,-0.34
-1,0,1,-55,-413,3906,-0.02,-0.04,0.29,-0.55,-4.13,39.06,-6.07,0.81,6.61,4.03,-0.53,-0.37
0,0,1,-58,-411,3902,-0.01,-0.03,0.27,-0.58,-4.11,39.02,-6.06,0.82,6.61,4.00,-0.53,-0.39
1,-1,0,-48,-405,3902,-0.01,-0.04,0.24,-0.48,-4.05,39.02,-6.04,0.81,6.61,3.97,-0.50,-0.34
0,-1,1,-54,-422,3912,-0.01,-0.04,0.22,-0.54,-4.22,39.12,-6.06,0.80,6.61,4.00,-0.50,-0.44
1,-1,1,-55,-421,3922,0.00,-0.04,0.21,-0.55,-4.21,39.22,-6.08,0.80,6.61,3.99,-0.50,-0.46
0,0,1,-59,-415,3913,0.00,-0.04,0.19,-0.59,-4.15,39.13,-6.07,0.82,6.61,4.01,-0.53,-0.47
-1,0,0,-60,-418,3910,-0.01,-0.03,0.17,-0.60,-4.18,39.10,-6.08,0.84,6.61,4.04,-0.54,-0.41
-1,0,1,-58,-417,3904,-0.01,-0.03,0.16,-0.58,-4.17,39.04,-6.10,0.85,6.60,4.05,-0.55,-0.51
0,0,1,-67,-415,3910,-0.01,-0.03,0.15,-0.67,-4.15,39.10,-6.09,0.86,6.60,4.02,-0.56,-0.52
0,-1,0,-63,-416,3907,-0.01,-0.03,0.14,-0.63,-4.16,39.07,-6.09,0.88,6.60,4.02,-0.55,-0.45
1,-1,1,-56,-416,3894,-0.00,-0.03,0.13,-0.56,-4.16,38.94,-6.09,0.86,6.60,4.00,-0.54,-0.54
0,-1,0,-56,-419,3905,-0.00,-0.04,0.12,-0.56,-4.19,39.05,-6.10,0.85,6.60,4.03,-0.53,-0.47
1,0,0,-58,-411,3904,0.00,-0.03,0.11,-0.58,-4.11,39.04,-6.08,0.85,6.60,3.99,-0.55,-0.48
0,0,1,-57,-411,3908,0.00,-0.03,0.10,-0.57,-4.11,39.08,-6.06,0.84,6.60,4.00,-0.55,-0.57
0,-1,0,-61,-422,3914,0.00,-0.03,0.09,-0.61,-4.22,39.14,-6.08,0.85,6.60,4.01,-0.53,-0.50
0,0,1,-63,-426,3907,0.00,-0.03,0.09,-0.63,-4.26,39.07,-6.10,0.86,6.60,4.02,-0.56,-0.59
0,0,1,-55,-411,3912,0.00,-0.03,0.09,-0.55,-4.11,39.12,-6.08,0.85,6.60,4.01,-0.55,-0.59
0,0,1,-51,-412,3903,0.00,-0.02,0.08,-0.51,-4.12,39.03,-6.07,0.83,6.60,4.01,-0.54,-0.59
0,-1,0,-54,-427,3908,0.00,-0.03,0.07,-0.54,-4.27,39.08,-6.09,0.83,6.60,4.02,-0.52,-0.52
0,0,0,-59,-426,3915,0.00,-0.02,0.07,-0.59,-4.26,39.15,-6.11,0.83,6.60,4.03,-0.54,-0.52
0,0,1,-57,-413,3916,0.00,-0.02,0.07,-0.57,-4.13,39.16,-6.09,0.83,6.60,4.02,-0.54,-0.61
0,0,1,-59,-409,3906,0.00,-0.02,0.07,-0.59,-4.09,39.06,-6.07,0.84,6.60,4.01,-0.55,-0.61
1,0,1,-57,-413,3908,0.01,-0.02,0.07,-0.57,-4.13,39.08,-6.05,0.83,6.60,3.97,-0.55,-0.61
0,0,1,-50,-412,3895,0.01,-0.02,0.06,-0.50,-4.12,38.95,-6.05,0.82,6.60,3.99,-0.53,-0.61
0,-1,1,-56,-419,3897,0.01,-0.02,0.06,-0.56,-4.19,38.97,-6.07,0.82,6.60,4.00,-0.51,-0.61
0,0,0,-63,-426,3907,0.01,-0.02,0.06,-0.63,-4.26,39.07,-6.08,0.83,6.60,4.01,-0.54,-0.53
0,0,1,-62,-422,3913,0.00,-0.02,0.06,-0.62,-4.22,39.13,-6.10,0.84,6.60,4.02,-0.55,-0.62
-1,0,1,-56,-416,3918,-0.00,-0.02,0.06,-0.56,-4.16,39.18,-6.08,0.83,6.60,4.04,-0.54,-0.62
1,0,1,-57,-415,3905,0.00,-0.01,0.06,-0.57,-4.15,39.05,-6.06,0.83,6.60,3.98,-0.55,-0.62
-1,-1,1,-59,-420,3907,-0.00,-0.02,0.06,-0.59,-4.20,39.07,-6.08,0.84,6.60,4.03,-0.53,-0.62
0,-1,1,-55,-422,3908,-0.00,-0.02,0.06,-0.55,-4.22,39.08,-6.10,0.83,6.60,4.03,-0.52,-0.62
0,0,1,-61,-422,3909,-0.00,-0.02,0.06,-0.61,-4.22,39.09,-6.11,0.84,6.60,4.03,-0.55,-0.62
-1,0,1,-55,-416,3908,-0.01,-0.02,0.06,-0.55,-4.16,39.08,-6.10,0.83,6.60,4.05,-0.54,-0.62
-1,0,1,-52,-401,3913,-0.01,-0.02,0.06,-0.52,-4.01,39.13,-6.08,0.82,6.60,4.04,-0.54,-0.62
0,0,1,-58,-413,3919,-0.01,-0.01,0.06,-0.58,-4.13,39.19,-6.06,0.83,6.60,4.01,-0.54,-0.61
0,0,0,-57,-413,3917,-0.01,-0.01,0.05,-0.57,-4.13,39.17,-6.05,0.83,6.60,3.99,-0.54,-0.54
-1,0,1,-56,-414,3910,-0.02,-0.01,0.05,-0.56,-4.14,39.10,-6.04,0.81,6.59,4.01,-0.53,-0.62
-1,-1,2,-55,-417,3902,-0.02,-0.02,0.06,-0.55,-4.17,39.02,-6.06,0.81,6.59,4.03,-0.51,-0.70
0,1,1,-56,-408,3912,-0.02,-0.01,0.06,-0.56,-4.08,39.12,-6.04,0.81,6.59,3.99,-0.55,-0.61
-1,0,1,-50,-409,3909,-0.02,-0.01,0.06,-0.50,-4.09,39.09,-6.03,0.80,6.59,4.01,-0.52,-0.61
2,3,1,-67,-379,3911,-0.01,0.01,0.06,-0.67,-3.79,39.11,-6.01,0.80,6.59,3.93,-0.59,-0.61
-2,-3,4,-52,-437,3910,-0.02,-0.01,0.08,-0.52,-4.37,39.10,-6.03,0.80,6.59,4.03,-0.46,-0.85
-1,-2,3,-64,-414,3905,-0.02,-0.02,0.09,-0.64,-4.14,39.05,-6.04,0.82,6.59,4.01,-0.49,-0.75
-1,-1,1,-62,-433,3913,-0.03,-0.02,0.09,-0.62,-4.33,39.13,-6.05,0.82,6.59,4.02,-0.52,-0.59
-4,-1,2,-41,-413,3900,-0.05,-0.03,0.09,-0.41,-4.13,39.00,-6.05,0.80,6.59,4.09,-0.50,-0.67
2,0,0,-65,-420,3934,-0.03,-0.02,0.08,-0.65,-4.20,39.34,-6.06,0.82,6.59,3.97,-0.54,-0.51
1,1,1,-49,-412,3915,-0.02,-0.02,0.08,-0.49,-4.12,39.15,-6.05,0.81,6.59,3.98,-0.55,-0.59
-1,0,0,-48,-407,3905,-0.03,-0.01,0.07,-0.48,-4.07,39.05,-6.04,0.79,6.59,4.01,-0.52,-0.52
-2,-1,0,-50,-401,3913,-0.04,-0.02,0.06,-0.50,-4.01,39.13,-6.02,0.79,6.59,4.02,-0.49,-0.53
0,-1,0,-55,-415,3910,-0.03,-0.02,0.06,-0.55,-4.15,39.10,-6.04,0.79,6.59,3.99,-0.50,-0.53
0,0,1,-63,-410,3910,-0.03,-0.02,0.06,-0.63,-4.10,39.10,-6.03,0.81,6.59,3.99,-0.53,-0.62
-1,0,2,-57,-428,3908,-0.03,-0.02,0.06,-0.57,-4.28,39.08,-6.05,0.81,6.59,4.02,-0.53,-0.69
-1,0,1,-56,-409,3906,-0.04,-0.02,0.06,-0.56,-4.09,39.06,-6.03,0.81,6.59,4.01,-0.53,-0.61
0,0,1,-57,-408,3912,-0.03,-0.02,0.06,-0.57,-4.08,39.12,-6.01,0.82,6.59,3.98,-0.53,-0.61
0,-1,1,-59,-419,3921,-0.03,-0.02,0.06,-0.59,-4.19,39.21,-6.03,0.82,6.59,3.99,-0.52,-0.61
0,-1,1,-56,-415,3906,-0.03,-0.02,0.06,-0.56,-4.15,39.06,-6.05,0.82,6.59,4.00,-0.51,-0.61
0,0,1,-54,-425,3913,-0.02,-0.02,0.06,-0.54,-4.25,39.13,-6.07,0.82,6.59,4.01,-0.53,-0.61
0,0,0,-62,-419,3913,-0.02,-0.02,0.06,-0.62,-4.19,39.13,-6.07,0.83,6.59,4.01,-0.54,-0.53
0,0,0,-64,-420,3912,-0.02,-0.02,0.05,-0.64,-4.20,39.12,-6.08,0.85,6.59,4.02,-0.56,-0.54
1,0,1,-64,-415,3910,-0.01,-0.02,0.05,-0.64,-4.15,39.10,-6.08,0.87,6.59,3.99,-0.57,-0.62
0,0,0,-58,-418,3898,-0.01,-0.01,0.05,-0.58,-4.18,38.98,-6.09,0.86,6.59,4.03,-0.56,-0.54
1,0,1,-56,-419,3910,-0.00,-0.01,0.05,-0.56,-4.19,39.10,-6.10,0.84,6.59,4.01,-0.55,-0.63
1,0,2,-54,-417,3903,0.00,-0.01,0.06,-0.54,-4.17,39.03,-6.10,0.82,6.59,4.01,-0.54,-0.70
0,-1,1,-59,-427,3903,0.00,-0.02,0.06,-0.59,-4.27,39.03,-6.12,0.83,6.59,4.04,-0.52,-0.62
0,0,1,-61,-422,3904,0.00,-0.01,0.06,-0.61,-4.22,39.04,-6.13,0.84,6.59,4.05,-0.55,-0.62
-1,0,1,-61,-421,3906,-0.00,-0.01,0.06,-0.61,-4.21,39.06,-6.14,0.86,6.59,4.07,-0.56,-0.62
-1,-1,2,-65,-418,3905,-0.01,-0.02,0.06,-0.65,-4.18,39.05,-6.13,0.88,6.59,4.07,-0.55,-0.70
0,0,1,-59,-415,3916,-0.01,-0.02,0.06,-0.59,-4.15,39.16,-6.11,0.87,6.59,4.04,-0.57,-0.61
0,0,1,-57,-417,3902,-0.01,-0.01,0.06,-0.57,-4.17,39.02,-6.11,0.86,6.59,4.03,-0.56,-0.61
0,0,1,-53,-419,3908,-0.01,-0.01,0.06,-0.53,-4.19,39.08,-6.11,0.84,6.59,4.04,-0.55,-0.61
0,-1,1,-58,-418,3913,-0.01,-0.02,0.06,-0.58,-4.18,39.13,-6.09,0.85,6.59,4.02,-0.53,-0.61
0,-1,1,-57,-417,3924,-0.01,-0.02,0.06,-0.57,-4.17,39.24,-6.08,0.84,6.59,4.01,-0.53,-0.61
0,-1,2,-61,-415,3896,-0.00,-0.03,0.07,-0.61,-4.15,38.96,-6.08,0.85,6.59,4.01,-0.54,-0.69
0,-1,1,-62,-422,3898,-0.00,-0.03,0.07,-0.62,-4.22,38.98,-6.10,0.86,6.59,4.02,-0.54,-0.61
-1,0,1,-58,-423,3917,-0.01,-0.03,0.07,-0.58,-4.23,39.17,-6.11,0.86,6.59,4.06,-0.56,-0.61
-1,0,0,-56,-413,3922,-0.02,-0.02,0.06,-0.56,-4.13,39.22,-6.10,0.85,6.59,4.05,-0.55,-0.53
0,0,1,-57,-410,3913,-0.01,-0.02,0.06,-0.57,-4.10,39.13,-6.08,0.85,6.58,4.02,-0.55,-0.61
-2,-1,2,-52,-430,3925,-0.02,-0.03,0.07,-0.52,-4.30,39.25,-6.10,0.84,6.58,4.07,-0.53,-0.69
-19,4,5,7,-536,3800,-0.14,0.00,0.09,0.07,-5.36,38.00,-6.11,0.83,6.58,4.46,-0.63,-0.92
-23,4,20,-19,-507,3711,-0.26,0.03,0.20,-0.19,-5.07,37.11,-6.13,0.82,6.58,4.59,-0.63,-2.07
-15,-2,21,-76,-478,3695,-0.33,0.01,0.31,-0.76,-4.78,36.95,-6.15,0.83,6.58,4.45,-0.51,-2.04
-3,10,18,-101,-517,3961,-0.31,0.07,0.39,-1.01,-5.17,39.61,-6.17,0.84,6.58,4.22,-0.78,-1.70
-16,-23,17,-218,-621,4381,-0.38,-0.08,0.45,-2.18,-6.21,43.81,-6.18,0.85,6.58,4.51,-0.07,-1.55
-15,-15,10,-182,-683,3624,-0.43,-0.16,0.47,-1.82,-6.83,36.24,-6.20,0.86,6.58,4.52,-0.22,-0.94
-9,-16,53,-118,-791,4103,-0.45,-0.24,0.75,-1.18,-7.91,41.03,-6.22,0.86,6.58,4.41,-0.18,-4.29
6,-8,84,-103,-768,3606,-0.36,-0.27,1.18,-1.03,-7.68,36.06,-6.24,0.86,6.57,4.09,-0.33,-6.45
1,-8,161,-59,-892,4062,-0.32,-0.29,2.05,-0.59,-8.92,40.62,-6.26,0.86,6.56,4.20,-0.33,-12.06
6,-1,214,-37,-833,3791,-0.25,-0.27,3.15,-0.37,-8.33,37.91,-6.28,0.86,6.55,4.09,-0.48,-15.39
20,9,338,41,-507,3771,-0.11,-0.18,4.90,0.41,-5.07,37.71,-6.29,0.85,6.53,3.77,-0.69,-20.00
20,26,354,173,-175,3778,0.03,-0.01,6.57,1.73,-1.75,37.78,-6.28,0.84,6.51,3.73,-1.08,-20.00
17,34,278,155,892,4084,0.13,0.20,7.60,1.55,8.92,40.84,-6.26,0.84,6.47,3.75,-1.30,-16.08
28,22,204,-194,658,4070,0.29,0.31,8.09,-1.94,6.58,40.70,-6.24,0.85,6.44,3.47,-1.09,-9.30
6,-7,-19,-118,-121,4016,0.29,0.24,7.16,-1.18,-1.21,40.16,-6.22,0.86,6.41,3.90,-0.49,8.62
5,1,-31,-115,-218,3920,0.29,0.22,6.26,-1.15,-2.18,39.20,-6.20,0.86,6.39,3.91,-0.65,8.68
3,-10,-48,-90,-437,4025,0.28,0.14,5.34,-0.90,-4.37,40.25,-6.20,0.88,6.37,3.95,-0.42,9.15
1,-7,-29,-54,-552,3874,0.26,0.08,4.63,-0.54,-5.52,38.74,-6.21,0.89,6.35,4.01,-0.47,6.79
-20,-4,16,1,-709,3867,0.11,0.05,4.26,0.01,-7.09,38.67,-6.23,0.88,6.33,4.49,-0.52,2.59
-15,-3,23,-62,-578,3920,0.01,0.03,3.98,-0.62,-5.78,39.20,-6.25,0.89,6.32,4.43,-0.53,1.69
-10,3,144,-125,-731,3955,-0.05,0.04,4.46,-1.25,-7.31,39.55,-6.27,0.89,6.30,4.35,-0.66,-8.05
-8,-5,258,-71,-732,3909,-0.10,0.01,5.59,-0.71,-7.32,39.09,-6.29,0.90,6.28,4.34,-0.49,-16.51
-23,-2,458,-76,-341,3933,-0.23,-0.01,7.82,-0.76,-3.41,39.33,-6.27,0.90,6.25,4.67,-0.55,-20.00
-17,2,464,25,-308,3922,-0.31,0.01,9.87,0.25,-3.08,39.22,-6.25,0.90,6.21,4.56,-0.63,-20.00
-3,22,535,-32,-325,3924,-0.29,0.14,12.15,-0.32,-3.25,39.24,-6.24,0.90,6.16,4.26,-1.08,-20.00
-1,23,544,-107,-408,3850,-0.27,0.27,14.25,-1.07,-4.08,38.50,-6.23,0.92,6.10,4.21,-1.15,-20.00
-9,17,514,-17,-455,3877,-0.30,0.34,15.96,-0.17,-4.55,38.77,-6.24,0.91,6.04,4.38,-1.04,-20.00
-6,7,504,69,-346,3945,-0.31,0.35,17.44,0.69,-3.46,39.45,-6.23,0.91,5.97,4.32,-0.84,-20.00
-1,14,573,209,-344,3904,-0.28,0.40,19.19,2.09,-3.44,39.04,-6.23,0.90,5.89,4.21,-0.99,-20.00
-8,21,613,102,-485,3890,-0.30,0.49,21.01,1.02,-4.85,38.90,-6.23,0.89,5.81,4.36,-1.15,-20.00
-9,30,724,20,-460,3937,-0.33,0.62,23.33,0.20,-4.60,39.37,-6.24,0.89,5.72,4.39,-1.37,-20.00
-7,34,762,-49,-489,3874,-0.34,0.77,25.64,-0.49,-4.89,38.74,-6.26,0.90,5.62,4.36,-1.50,-20.00
-10,21,846,-104,-386,3935,-0.36,0.82,28.24,-1.04,-3.86,39.35,-6.24,0.93,5.50,4.42,-1.26,-20.00
-8,38,859,-163,-390,3870,-0.38,0.97,30.65,-1.63,-3.90,38.70,-6.24,0.96,5.38,4.38,-1.67,-20.00
-7,35,891,-70,-350,3885,-0.38,1.09,33.02,-0.70,-3.50,38.85,-6.22,0.98,5.25,4.35,-1.66,-20.00
-19,33,908,-117,-398,3879,-0.46,1.18,35.26,-1.17,-3.98,38.79,-6.21,1.02,5.11,4.61,-1.67,-20.00
-19,103,979,-132,-490,3961,-0.53,1.69,37.71,-1.32,-4.90,39.61,-6.22,1.06,4.96,4.64,-3.25,-20.00
-28,55,984,-92,-445,3993,-0.65,1.86,39.94,-0.92,-4.45,39.93,-6.23,1.10,4.80,4.86,-2.35,-20.00
-17,37,1005,-107,-459,3958,-0.69,1.90,42.07,-1.07,-4.59,39.58,-6.24,1.14,4.64,4.65,-2.02,-20.00
-20,23,1030,-98,-445,3931,-0.74,1.85,44.15,-0.98,-4.45,39.31,-6.25,1.18,4.46,4.73,-1.75,-20.00
-15,30,1166,-224,-437,3894,-0.76,1.85,46.85,-2.24,-4.37,38.94,-6.25,1.22,4.28,4.64,-1.92,-20.00
-23,34,1243,-206,-475,3942,-0.82,1.87,49.75,-2.06,-4.75,39.42,-6.26,1.27,4.08,4.82,-2.04,-20.00
-11,41,1527,-264,-475,3913,-0.81,1.93,54.09,-2.64,-4.75,39.13,-6.26,1.32,3.87,4.58,-2.23,-20.00
-8,49,1581,-282,-556,3847,-0.77,2.04,58.32,-2.82,-5.56,38.47,-6.27,1.37,3.64,4.51,-2.45,-20.00
-2,54,1573,-197,-654,3837,-0.71,2.16,62.08,-1.97,-6.54,38.37,-6.28,1.41,3.39,4.38,-2.62,-20.00
-6,37,1527,-127,-675,3927,-0.68,2.17,65.19,-1.27,-6.75,39.27,-6.30,1.45,3.13,4.46,-2.30,-20.00
-18,37,1368,-23,-508,3874,-0.72,2.18,67.02,-0.23,-5.08,38.74,-6.31,1.48,2.87,4.72,-2.32,-20.00
-9,27,1334,34,-430,3932,-0.70,2.13,68.45,0.34,-4.30,39.32,-6.30,1.50,2.60,4.53,-2.12,-20.00
-6,25,1330,-7,-413,3921,-0.67,2.07,69.72,-0.07,-4.13,39.21,-6.29,1.52,2.32,4.46,-2.07,-20.00
-6,36,1304,29,-454,3981,-0.64,2.08,70.70,0.29,-4.54,39.81,-6.29,1.54,2.04,4.45,-2.31,-20.00
-9,53,1315,93,-376,3901,-0.63,2.20,71.65,0.93,-3.76,39.01,-6.28,1.56,1.76,4.50,-2.71,-20.00
-29,37,1332,62,-340,3922,-0.74,2.20,72.61,0.62,-3.40,39.22,-6.27,1.58,1.47,4.93,-2.40,-20.00
-20,27,1354,68,-333,3927,-0.79,2.15,73.61,0.68,-3.33,39.27,-6.25,1.61,1.18,4.75,-2.20,-20.00
-20,34,1345,106,-379,3928,-0.83,2.14,74.45,1.06,-3.79,39.28,-6.24,1.63,0.88,4.75,-2.35,-20.00
-24,48,1294,-34,-524,3908,-0.90,2.22,74.90,-0.34,-5.24,39.08,-6.25,1.66,0.58,4.86,-2.68,-20.00
-6,21,1273,22,-456,3914,-0.84,2.12,75.18,0.22,-4.56,39.14,-6.25,1.68,0.29,4.48,-2.12,-20.00
-10,33,1228,-75,-475,3938,-0.82,2.11,75.15,-0.75,-4.75,39.38,-6.26,1.71,-0.01,4.56,-2.38,-20.00
-21,31,1222,-67,-405,3922,-0.87,2.09,75.09,-0.67,-4.05,39.22,-6.24,1.74,-0.31,4.78,-2.35,-20.00
-16,30,1149,-57,-444,3847,-0.88,2.06,74.59,-0.57,-4.44,38.47,-6.25,1.76,-0.61,4.69,-2.34,-18.31
-17,25,1096,-114,-459,3881,-0.89,2.01,73.82,-1.14,-4.59,38.81,-6.26,1.80,-0.90,4.72,-2.24,-14.61
-10,24,980,-69,-335,3861,-0.86,1.96,72.41,-0.69,-3.35,38.61,-6.24,1.83,-1.19,4.56,-2.23,-6.24
-22,19,981,-62,-381,3914,-0.91,1.88,71.16,-0.62,-3.81,39.14,-6.22,1.85,-1.47,4.80,-2.12,-7.63
-4,22,972,-72,-419,3900,-0.85,1.82,69.97,-0.72,-4.19,39.00,-6.21,1.87,-1.75,4.41,-2.18,-8.10
-22,26,979,-131,-508,3881,-0.90,1.80,68.94,-1.31,-5.08,38.81,-6.23,1.91,-2.02,4.80,-2.28,-9.76
-23,11,937,-128,-403,3935,-0.95,1.69,67.77,-1.28,-4.03,39.35,-6.20,1.94,-2.29,4.82,-1.97,-7.42
-9,29,938,-130,-422,3908,-0.91,1.69,66.71,-1.30,-4.22,39.08,-6.19,1.96,-2.55,4.51,-2.35,-8.60
-1,27,901,-44,-482,3917,-0.82,1.69,65.54,-0.44,-4.82,39.17,-6.19,1.98,-2.81,4.33,-2.32,-6.69
-4,16,908,-49,-422,3899,-0.76,1.62,64.52,-0.49,-4.22,38.99,-6.18,2.00,-3.07,4.37,-2.09,-8.33
-3,35,961,177,-347,3944,-0.71,1.67,63.93,1.77,-3.47,39.44,-6.17,2.02,-3.32,4.33,-2.50,-13.42
-3,24,989,113,-385,3854,-0.65,1.65,63.57,1.13,-3.85,38.54,-6.16,2.03,-3.58,4.31,-2.28,-16.15
3,23,1108,27,-376,3974,-0.57,1.62,63.97,0.27,-3.76,39.74,-6.15,2.05,-3.83,4.15,-2.26,-20.00
-13,18,1126,-38,-528,4011,-0.59,1.57,64.44,-0.38,-5.28,40.11,-6.16,2.07,-4.09,4.49,-2.16,-20.00
-10,36,1168,-161,-372,3852,-0.59,1.63,65.12,-1.61,-3.72,38.52,-6.13,2.11,-4.34,4.41,-2.57,-20.00
-14,11,1176,-241,-335,3942,-0.62,1.54,65.79,-2.41,-3.35,39.42,-6.11,2.16,-4.61,4.49,-2.07,-20.00
-29,22,1113,-434,-564,3890,-0.73,1.52,66.00,-4.34,-5.64,38.90,-6.12,2.21,-4.87,4.83,-2.32,-20.00
-37,16,1058,-298,-519,3869,-0.89,1.46,65.85,-2.98,-5.19,38.69,-6.12,2.26,-5.13,5.03,-2.21,-19.45
-12,21,882,-70,-431,3919,-0.87,1.45,64.65,-0.70,-4.31,39.19,-6.12,2.27,-5.39,4.52,-2.32,-5.79
-13,17,862,-71,-470,3922,-0.86,1.41,63.44,-0.71,-4.70,39.22,-6.12,2.29,-5.64,4.54,-2.24,-5.35
-12,35,961,-79,-610,3862,-0.85,1.48,62.96,-0.79,-6.10,38.62,-6.13,2.32,-5.89,4.52,-2.64,-14.22
-7,45,998,-64,-509,3898,-0.81,1.60,62.75,-0.64,-5.09,38.98,-6.13,2.34,-6.13,4.41,-2.89,-17.56
-3,20,1101,-68,-445,3963,-0.75,1.57,63.19,-0.68,-4.45,39.63,-6.13,2.35,-6.39,4.31,-2.38,-20.00
-8,21,1120,-25,-367,3851,-0.72,1.54,63.70,-0.25,-3.67,38.51,-6.12,2.37,-6.64,4.40,-2.41,-20.00
-20,32,1203,-55,-422,3894,-0.77,1.58,64.67,-0.55,-4.22,38.94,-6.11,2.38,-6.90,4.65,-2.65,-20.00
-19,33,1225,-46,-392,3916,-0.81,1.62,65.68,-0.46,-3.92,39.16,-6.10,2.40,-7.16,4.63,-2.70,-20.00
-35,40,1259,-41,-377,3882,-0.94,1.70,66.79,-0.41,-3.77,38.82,-6.09,2.42,-7.42,4.98,-2.87,-20.00
-21,8,1252,-34,-345,3879,-0.98,1.58,67.75,-0.34,-3.45,38.79,-6.07,2.43,-7.69,4.70,-2.20,-20.00
-11,48,1191,-41,-552,3831,-0.94,1.72,68.24,-0.41,-5.52,38.31,-6.08,2.46,-7.96,4.49,-3.07,-20.00
-10,45,1148,60,-478,3870,-0.91,1.82,68.42,0.60,-4.78,38.70,-6.07,2.48,-8.23,4.46,-3.05,-20.00
4,63,969,-168,-543,3892,-0.80,2.02,67.49,-1.68,-5.43,38.92,-6.08,2.51,-8.50,4.15,-3.49,-9.87
-2,59,904,-202,-517,3790,-0.73,2.18,66.25,-2.02,-5.17,37.90,-6.09,2.56,-8.76,4.26,-3.48,-5.65
9,47,822,-313,-515,3816,-0.60,2.25,64.64,-3.13,-5.15,38.16,-6.09,2.61,-9.02,4.00,-3.29,-0.38
-13,3,837,-88,-556,3899,-0.62,2.04,63.28,-0.88,-5.56,38.99,-6.10,2.63,-9.27,4.46,-2.35,-3.07
-3,18,911,-209,-484,3893,-0.58,1.95,62.51,-2.09,-4.84,38.93,-6.11,2.67,-9.52,4.25,-2.66,-10.13
5,35,922,-212,-374,3965,-0.49,1.97,61.88,-2.12,-3.74,39.65,-6.08,2.72,-9.76,4.05,-3.04,-11.71
14,11,1004,-71,-452,3821,-0.35,1.84,61.82,-0.71,-4.52,38.21,-6.08,2.73,-10.01,3.82,-2.53,-18.70
-1,19,1010,-3,-521,3868,-0.32,1.77,61.80,-0.03,-5.21,38.68,-6.08,2.75,-10.25,4.12,-2.68,-19.21
-15,6,949,41,-455,4019,-0.38,1.63,61.41,0.41,-4.55,40.19,-6.07,2.76,-10.50,4.41,-2.39,-14.43
3,58,957,-143,-444,3876,-0.33,1.82,61.11,-1.43,-4.44,38.76,-6.07,2.78,-10.74,4.03,-3.51,-15.41
-13,16,1089,-121,-431,3942,-0.37,1.74,61.64,-1.21,-4.31,39.42,-6.06,2.80,-10.98,4.37,-2.64,-20.00
-11,15,1157,-40,-400,3850,-0.40,1.65,62.53,-0.40,-4.00,38.50,-6.05,2.81,-11.23,4.33,-2.61,-20.00
-6,45,1151,-145,-344,3907,-0.40,1.76,63.30,-1.45,-3.44,39.07,-6.02,2.83,-11.48,4.21,-3.27,-20.00
-24,32,1127,-122,-297,3831,-0.51,1.78,63.84,-1.22,-2.97,38.31,-6.00,2.86,-11.74,4.58,-3.02,-20.00
7,40,1067,-215,-333,3884,-0.41,1.85,63.97,-2.15,-3.33,38.84,-5.97,2.90,-11.99,3.91,-3.23,-20.00
-10,14,1040,-209,-421,3961,-0.43,1.75,63.92,-2.09,-4.21,39.61,-5.97,2.94,-12.25,4.26,-2.70,-19.33
-7,21,992,-26,-660,3989,-0.43,1.70,63.58,-0.26,-6.60,39.89,-5.97,2.97,-12.50,4.20,-2.85,-15.60
-14,13,976,9,-637,3854,-0.47,1.61,63.17,0.09,-6.37,38.54,-5.98,2.99,-12.75,4.36,-2.67,-14.65
-26,-2,923,-129,-707,3979,-0.59,1.44,62.48,-1.29,-7.07,39.79,-5.98,3.01,-12.99,4.64,-2.34,-10.86
-24,19,907,-129,-642,3889,-0.67,1.41,61.77,-1.29,-6.42,38.89,-5.99,3.04,-13.24,4.63,-2.78,-10.25
-17,-5,933,-10,-511,3969,-0.71,1.24,61.28,-0.10,-5.11,39.69,-5.99,3.05,-13.48,4.49,-2.25,-12.94
-28,-16,896,165,-478,3959,-0.81,1.02,60.62,1.65,-4.78,39.59,-5.98,3.06,-13.72,4.74,-1.97,-10.49
-18,60,818,73,-552,3662,-0.84,1.28,59.55,0.73,-5.52,36.62,-5.98,3.08,-13.96,4.54,-3.60,-4.99
-15,31,759,0,-529,4090,-0.85,1.34,58.22,0.00,-5.29,40.90,-5.98,3.09,-14.19,4.48,-3.04,-1.38
-4,-20,644,-45,-422,4067,-0.79,1.09,56.33,-0.45,-4.22,40.67,-5.97,3.10,-14.41,4.24,-1.94,6.38
-4,9,643,-50,-444,3905,-0.73,1.03,54.62,-0.50,-4.44,39.05,-5.97,3.11,-14.63,4.22,-2.52,4.68
-7,3,671,48,-333,3929,-0.70,0.95,53.25,0.48,-3.33,39.29,-5.95,3.12,-14.84,4.26,-2.38,0.87
-17,18,686,90,-471,3886,-0.73,0.96,52.11,0.90,-4.71,38.86,-5.95,3.13,-15.05,4.47,-2.69,-1.59
-6,-12,753,131,-325,3876,-0.70,0.79,51.49,1.31,-3.25,38.76,-5.93,3.13,-15.26,4.23,-2.04,-7.90
-5,-1,739,146,-514,3900,-0.66,0.71,50.85,1.46,-5.14,39.00,-5.93,3.14,-15.46,4.20,-2.24,-7.37
-5,14,668,2,-201,3872,-0.62,0.72,49.84,0.02,-2.01,38.72,-5.91,3.15,-15.66,4.17,-2.56,-2.41
2,14,726,-85,-395,3744,-0.55,0.74,49.28,-0.85,-3.95,37.44,-5.90,3.15,-15.85,4.01,-2.57,-7.89
-17,18,767,25,-483,3983,-0.60,0.77,49.04,0.25,-4.83,39.83,-5.90,3.16,-16.05,4.40,-2.66,-11.61
-4,39,775,-81,-472,3822,-0.56,0.93,48.86,-0.81,-4.72,38.22,-5.90,3.17,-16.24,4.13,-3.14,-12.46
-6,32,859,-76,-324,3956,-0.54,1.03,49.21,-0.76,-3.24,39.56,-5.88,3.18,-16.44,4.15,-3.03,-19.19
-6,7,857,48,-392,3897,-0.52,0.97,49.52,0.48,-3.92,38.97,-5.87,3.18,-16.63,4.14,-2.51,-18.67
-21,39,867,-23,-445,3810,-0.60,1.11,49.86,-0.23,-4.45,38.10,-5.87,3.19,-16.83,4.46,-3.20,-19.15
-15,50,875,-120,-373,3903,-0.63,1.31,50.21,-1.20,-3.73,39.03,-5.86,3.20,-17.03,4.34,-3.48,-19.43
14,11,915,-254,-391,3902,-0.48,1.24,50.77,-2.54,-3.91,39.02,-5.84,3.24,-17.23,3.70,-2.70,-20.00
13,38,963,-160,-267,4071,-0.36,1.35,51.57,-1.60,-2.67,40.71,-5.82,3.26,-17.44,3.67,-3.29,-20.00
-52,-10,1311,-81,-552,3798,-0.64,1.16,54.41,-0.81,-5.52,37.98,-5.82,3.27,-17.66,5.07,-2.27,-20.00
-20,36,1463,110,-314,3842,-0.70,1.26,57.89,1.10,-3.14,38.42,-5.81,3.29,-17.89,4.43,-3.24,-20.00
-20,31,1576,27,-194,3886,-0.75,1.32,61.71,0.27,-1.94,38.86,-5.78,3.30,-18.13,4.43,-3.17,-20.00
-15,54,1558,-219,-283,3881,-0.76,1.52,65.05,-2.19,-2.83,38.81,-5.75,3.33,-18.39,4.31,-3.71,-20.00
21,71,1397,-215,-408,3919,-0.56,1.80,67.06,-2.15,-4.08,39.19,-5.75,3.35,-18.66,3.52,-4.15,-20.00
-2,32,1343,-97,-509,3949,-0.52,1.82,68.55,-0.97,-5.09,39.49,-5.75,3.37,-18.93,3.98,-3.37,-20.00
3,63,1193,57,-464,3820,-0.45,2.02,68.97,0.57,-4.64,38.20,-5.74,3.39,-19.20,3.85,-4.07,-20.00
14,17,1155,100,-486,3942,-0.32,1.92,69.12,1.00,-4.86,39.42,-5.73,3.41,-19.48,3.58,-3.12,-20.00
-5,-11,1169,121,-458,4003,-0.32,1.66,69.34,1.21,-4.58,40.03,-5.72,3.43,-19.75,3.96,-2.49,-20.00
-19,35,1098,30,-534,3930,-0.40,1.71,69.10,0.30,-5.34,39.30,-5.71,3.44,-20.03,4.26,-3.45,-18.05
7,-10,1068,-55,-472,3788,-0.32,1.48,68.71,-0.55,-4.72,37.88,-5.70,3.46,-20.30,3.71,-2.48,-15.90
-16,10,1116,3,-443,4062,-0.38,1.39,68.64,0.03,-4.43,40.62,-5.69,3.47,-20.57,4.19,-2.88,-20.00
-28,29,1206,-112,-448,3878,-0.52,1.43,69.14,-1.12,-4.48,38.78,-5.69,3.49,-20.85,4.46,-3.28,-20.00
-32,-15,1193,-2,-412,3983,-0.66,1.19,69.50,-0.02,-4.12,39.83,-5.67,3.51,-21.13,4.57,-2.33,-20.00
-15,8,1102,33,-516,4020,-0.68,1.12,69.27,0.33,-5.16,40.20,-5.67,3.52,-21.40,4.23,-2.79,-18.09
-18,23,1088,-60,-400,3935,-0.73,1.15,68.98,-0.60,-4.00,39.35,-5.65,3.53,-21.68,4.29,-3.11,-17.18
-6,7,974,-139,-408,3895,-0.69,1.08,68.03,-1.39,-4.08,38.95,-5.64,3.55,-21.95,4.03,-2.78,-8.51
-30,10,964,9,-325,3846,-0.80,1.03,67.10,0.09,-3.25,38.46,-5.62,3.56,-22.21,4.54,-2.83,-8.62
-13,33,960,-18,-491,3850,-0.80,1.13,66.25,-0.18,-4.91,38.50,-5.62,3.57,-22.48,4.19,-3.34,-9.16
-17,28,927,-52,-515,3880,-0.83,1.19,65.28,-0.52,-5.15,38.80,-5.62,3.59,-22.74,4.28,-3.26,-7.37
4,45,900,86,-826,3967,-0.72,1.34,64.24,0.86,-8.26,39.67,-5.62,3.61,-22.99,3.82,-3.66,-6.16
-46,-23,815,49,-953,3756,-0.93,1.07,62.79,0.49,-9.53,37.56,-5.62,3.63,-23.24,4.90,-2.22,-0.47
-32,6,645,-98,-696,3928,-1.03,1.00,60.44,-0.98,-6.96,39.28,-5.63,3.65,-23.48,4.65,-2.80,11.47
-41,-1,641,-134,-804,3973,-1.18,0.89,58.31,-1.34,-8.04,39.73,-5.64,3.67,-23.71,4.87,-2.64,9.57
-60,-24,803,-83,-813,3932,-1.43,0.66,57.38,-0.83,-8.13,39.32,-5.64,3.69,-23.94,5.33,-2.13,-5.12
-57,-6,812,-215,-709,3929,-1.63,0.55,56.59,-2.15,-7.09,39.29,-5.65,3.71,-24.16,5.34,-2.48,-6.69
-31,-3,659,-221,-440,4020,-1.66,0.48,54.95,-2.21,-4.40,40.20,-5.66,3.72,-24.38,4.82,-2.53,4.55
-31,0,625,-134,-516,3801,-1.68,0.43,53.27,-1.34,-5.16,38.01,-5.67,3.73,-24.59,4.83,-2.58,5.67
-9,21,472,-104,-156,3690,-1.57,0.52,50.82,-1.04,-1.56,36.90,-5.64,3.74,-24.80,4.34,-3.04,16.06
3,30,437,-36,-80,3909,-1.39,0.65,48.41,-0.36,-0.80,39.09,-5.62,3.75,-24.99,4.03,-3.27,16.48
16,38,448,72,-162,4004,-1.16,0.82,46.30,0.72,-1.62,40.04,-5.60,3.76,-25.17,3.69,-3.48,13.33
30,58,475,-118,-51,3878,-0.86,1.09,44.57,-1.18,-0.51,38.78,-5.58,3.78,-25.35,3.31,-3.97,9.23
3,14,640,102,-492,3916,-0.75,1.06,44.01,1.02,-4.92,39.16,-5.58,3.78,-25.53,3.82,-3.07,-5.32
14,24,701,-19,-467,3912,-0.59,1.10,43.89,-0.19,-4.67,39.12,-5.57,3.78,-25.70,3.55,-3.29,-10.60
-12,19,774,-149,-434,3899,-0.61,1.11,44.22,-1.49,-4.34,38.99,-5.57,3.79,-25.88,4.09,-3.19,-16.42
-15,21,746,-127,-502,3888,-0.64,1.13,44.35,-1.27,-5.02,38.88,-5.58,3.80,-26.05,4.16,-3.24,-13.90
-22,34,736,-44,-344,3934,-0.71,1.22,44.40,-0.44,-3.44,39.34,-5.56,3.80,-26.23,4.31,-3.53,-12.98
11,16,744,-104,-436,3875,-0.57,1.20,44.50,-1.04,-4.36,38.75,-5.56,3.81,-26.41,3.60,-3.16,-13.53
11,23,693,-117,-365,3898,-0.45,1.22,44.28,-1.17,-3.65,38.98,-5.55,3.81,-26.58,3.56,-3.31,-9.43
-9,32,650,-43,-541,3970,-0.46,1.29,43.82,-0.43,-5.41,39.70,-5.55,3.82,-26.76,3.97,-3.52,-6.26
5,20,532,10,-462,4040,-0.38,1.28,42.68,0.10,-4.62,40.40,-5.54,3.82,-26.93,3.66,-3.28,2.54
-3,5,556,-53,-544,3837,-0.36,1.19,41.80,-0.53,-5.44,38.37,-5.55,3.83,-27.09,3.82,-2.95,-0.40
-13,6,664,67,-681,3867,-0.40,1.10,41.67,0.67,-6.81,38.67,-5.55,3.83,-27.26,4.04,-2.95,-9.67
-38,-18,671,-88,-559,3812,-0.59,0.88,41.60,-0.88,-5.59,38.12,-5.55,3.84,-27.42,4.60,-2.41,-10.33
-6,48,589,113,-838,3833,-0.57,1.09,41.03,1.13,-8.38,38.33,-5.56,3.85,-27.58,3.95,-3.81,-3.97
-7,13,522,-14,-762,3941,-0.56,1.06,40.11,-0.14,-7.62,39.41,-5.57,3.86,-27.74,3.97,-3.10,0.75
-8,5,423,-115,-700,3955,-0.55,0.98,38.68,-1.15,-7.00,39.55,-5.57,3.87,-27.90,3.99,-2.92,7.63
-23,-20,396,103,-760,3800,-0.64,0.76,37.23,1.03,-7.60,38.00,-5.58,3.88,-28.04,4.32,-2.36,8.40
6,-6,413,-106,-444,3937,-0.54,0.65,36.03,-1.06,-4.44,39.37,-5.58,3.88,-28.19,3.71,-2.61,5.69
7,2,463,-197,-607,3897,-0.44,0.60,35.25,-1.97,-6.07,38.97,-5.59,3.89,-28.32,3.67,-2.77,0.65
-6,-1,646,-36,-514,3929,-0.43,0.53,35.66,-0.36,-5.14,39.29,-5.59,3.89,-28.47,3.93,-2.69,-14.40
-19,10,704,-15,-540,3901,-0.50,0.54,36.39,-0.15,-5.40,39.01,-5.59,3.89,-28.61,4.21,-2.92,-18.53
-20,25,693,-30,-606,3857,-0.58,0.64,36.98,-0.30,-6.06,38.57,-5.60,3.89,-28.76,4.26,-3.25,-16.97
-5,31,664,-99,-513,3856,-0.55,0.76,37.33,-0.99,-5.13,38.56,-5.60,3.89,-28.91,3.95,-3.41,-14.12
-28,-2,498,36,-345,4003,-0.67,0.67,36.64,0.36,-3.45,40.03,-5.59,3.89,-29.05,4.44,-2.71,-0.78
-19,18,475,64,-325,3855,-0.71,0.72,35.87,0.64,-3.25,38.55,-5.58,3.89,-29.19,4.26,-3.13,0.37
-9,10,504,-10,-440,3971,-0.70,0.71,35.36,-0.10,-4.40,39.71,-5.58,3.89,-29.33,4.05,-2.96,-2.62
5,18,534,42,-409,3974,-0.60,0.75,35.08,0.42,-4.09,39.74,-5.57,3.89,-29.47,3.74,-3.14,-5.44
-11,21,581,-136,-511,3935,-0.60,0.80,35.12,-1.36,-5.11,39.35,-5.58,3.89,-29.61,4.07,-3.21,-9.37
-2,-15,559,-52,-448,4020,-0.56,0.63,35.01,-0.52,-4.48,40.20,-5.57,3.89,-29.75,3.87,-2.43,-7.61
-7,2,459,-2,-452,3912,-0.54,0.58,34.31,-0.02,-4.52,39.12,-5.57,3.89,-29.89,3.97,-2.76,0.14
-8,21,477,75,-398,3877,-0.54,0.65,33.79,0.75,-3.98,38.77,-5.57,3.89,-30.02,3.98,-3.17,-1.93
-17,37,479,-15,-248,3819,-0.59,0.81,33.33,-0.15,-2.48,38.19,-5.55,3.89,-30.16,4.17,-3.54,-2.57
-14,16,466,-22,-279,4022,-0.61,0.83,32.84,-0.22,-2.79,40.22,-5.54,3.89,-30.29,4.11,-3.11,-1.98
-29,34,454,51,-433,3794,-0.73,0.95,32.33,0.51,-4.33,37.94,-5.54,3.88,-30.42,4.44,-3.51,-1.49
-16,36,388,58,-216,3964,-0.75,1.07,31.46,0.58,-2.16,39.64,-5.52,3.88,-30.54,4.18,-3.59,3.19
-3,10,250,116,-419,3936,-0.70,1.03,29.84,1.16,-4.19,39.36,-5.52,3.88,-30.66,3.89,-3.05,13.18
-9,-9,264,72,-476,3995,-0.68,0.87,28.47,0.72,-4.76,39.95,-5.52,3.88,-30.77,4.01,-2.61,10.55
6,30,235,90,-341,3868,-0.58,0.97,27.05,0.90,-3.41,38.68,-5.51,3.87,-30.88,3.67,-3.43,11.52
12,26,207,97,-346,3862,-0.45,1.03,25.61,0.97,-3.46,38.62,-5.50,3.87,-30.98,3.51,-3.36,12.37
-1,33,169,-6,-498,3887,-0.41,1.13,24.08,-0.06,-4.98,38.87,-5.51,3.87,-31.08,3.77,-3.53,13.98
5,13,147,28,-525,3904,-0.34,1.09,22.57,0.28,-5.25,39.04,-5.51,3.86,-31.17,3.63,-3.11,14.25
-11,-3,234,212,-656,3943,-0.37,0.97,21.74,2.12,-6.56,39.43,-5.52,3.86,-31.25,3.97,-2.75,6.01
-21,-5,274,153,-539,3900,-0.46,0.84,21.24,1.53,-5.39,39.00,-5.52,3.85,-31.34,4.20,-2.67,2.09
19,16,213,-81,-416,3948,-0.30,0.85,20.41,-0.81,-4.16,39.48,-5.52,3.85,-31.42,3.34,-3.10,6.40
16,-2,148,120,-474,3921,-0.17,0.76,19.27,1.20,-4.74,39.21,-5.52,3.84,-31.49,3.36,-2.70,10.71
24,18,-79,-472,-680,4024,-0.01,0.79,16.87,-4.72,-6.80,40.24,-5.53,3.86,-31.56,3.16,-3.13,20.00
16,8,-18,-393,-636,4016,0.09,0.76,15.07,-3.93,-6.36,40.16,-5.54,3.88,-31.62,3.31,-2.93,20.00
28,0,-13,-29,-602,3958,0.25,0.68,13.48,-0.29,-6.02,39.58,-5.55,3.87,-31.67,3.02,-2.74,18.23
37,6,-1,7,-618,3875,0.45,0.65,12.13,0.07,-6.18,38.75,-5.56,3.86,-31.72,2.79,-2.85,15.78
36,13,68,110,-518,3881,0.63,0.67,11.33,1.10,-5.18,38.81,-5.56,3.85,-31.76,2.76,-2.99,9.10
36,12,83,36,-536,3870,0.78,0.67,10.70,0.36,-5.36,38.70,-5.56,3.84,-31.81,2.72,-2.96,7.16
25,9,64,-32,-490,3913,0.86,0.66,10.02,-0.32,-4.90,39.13,-5.56,3.83,-31.84,2.93,-2.89,8.06
26,10,39,-32,-468,3936,0.93,0.65,9.26,-0.32,-4.68,39.36,-5.56,3.82,-31.88,2.89,-2.91,9.37
16,-4,15,13,-290,3902,0.94,0.57,8.42,0.13,-2.90,39.02,-5.55,3.81,-31.91,3.08,-2.59,10.52
13,-6,13,54,-249,3862,0.92,0.47,7.66,0.54,-2.49,38.62,-5.54,3.80,-31.95,3.14,-2.51,9.89
23,1,1,56,-378,3880,0.97,0.43,6.90,0.56,-3.78,38.80,-5.53,3.79,-31.97,2.92,-2.64,10.10
21,0,-10,-25,-373,3902,1.00,0.39,6.15,-0.25,-3.73,39.02,-5.52,3.77,-32.00,2.95,-2.59,10.24
31,-12,-41,-132,-280,3897,1.09,0.28,5.29,-1.32,-2.80,38.97,-5.51,3.76,-32.02,2.71,-2.31,11.95
28,-9,-79,-131,-282,3936,1.15,0.19,4.27,-1.31,-2.82,39.36,-5.49,3.75,-32.04,2.74,-2.34,14.10
80,20,-190,0,-379,3950,1.52,0.30,2.69,0.00,-3.79,39.50,-5.48,3.73,-32.05,1.58,-2.95,20.00
179,121,-271,-60,-364,3842,2.46,1.00,0.77,-0.60,-3.64,38.42,-5.47,3.72,-32.05,-0.70,-5.19,20.00
200,112,-435,-210,-134,3808,3.44,1.59,-1.96,-2.10,-1.34,38.08,-5.44,3.72,-32.04,-1.41,-5.17,20.00
182,85,-471,-23,-164,3952,4.20,1.95,-4.64,-0.23,-1.64,39.52,-5.41,3.71,-32.02,-1.27,-4.71,20.00
198,56,-652,-251,-105,3942,4.99,2.09,-8.15,-2.51,-1.05,39.42,-5.38,3.72,-31.99,-1.84,-4.16,20.00
195,32,-705,-269,-148,3760,5.68,2.08,-11.64,-2.69,-1.48,37.60,-5.34,3.72,-31.95,-1.99,-3.68,20.00
-60,-42,-635,774,-823,1946,4.75,1.62,-14.35,7.74,-8.23,19.46,-5.34,3.71,-31.89,3.45,-2.04,20.00
-398,-20,-492,1169,-802,2067,1.84,1.33,-15.91,11.69,-8.02,20.67,-5.34,3.69,-31.82,11.11,-2.39,20.00
-97,-9,56,-40,-563,4155,1.07,1.14,-13.98,-0.40,-5.63,41.55,-5.35,3.68,-31.77,5.21,-2.56,-16.69
-69,8,229,-147,-656,4442,0.54,1.08,-11.19,-1.47,-6.56,44.42,-5.37,3.67,-31.72,4.80,-2.88,-20.00
-40,-5,618,144,-283,3717,0.24,0.94,-6.30,1.44,-2.83,37.17,-5.37,3.65,-31.69,4.29,-2.56,-20.00
-16,5,669,64,-317,3866,0.12,0.88,-1.59,0.64,-3.17,38.66,-5.36,3.64,-31.69,3.83,-2.74,-20.00
-13,5,769,-272,-721,3986,0.03,0.82,3.26,-2.72,-7.21,39.86,-5.38,3.64,-31.70,3.81,-2.73,-20.00
-9,6,771,-295,-757,3849,-0.03,0.77,7.64,-2.95,-7.57,38.49,-5.40,3.65,-31.73,3.75,-2.74,-20.00
-16,10,634,-286,-829,3774,-0.12,0.76,10.74,-2.86,-8.29,37.74,-5.41,3.66,-31.77,3.93,-2.82,-20.00
-8,11,552,-396,-844,3926,-0.16,0.75,13.04,-3.96,-8.44,39.26,-5.43,3.67,-31.82,3.79,-2.85,-20.00
3,9,214,-404,-755,3923,-0.13,0.73,13.04,-4.04,-7.55,39.23,-5.44,3.69,-31.87,3.56,-2.81,-1.46
1,4,170,-289,-644,3925,-0.11,0.68,12.77,-2.89,-6.44,39.25,-5.46,3.70,-31.92,3.61,-2.71,1.99
0,2,167,-272,-457,3945,-0.10,0.62,12.51,-2.72,-4.57,39.45,-5.47,3.71,-31.97,3.64,-2.66,1.98
-4,1,149,-251,-481,3927,-0.11,0.57,12.17,-2.51,-4.81,39.27,-5.49,3.71,-32.02,3.73,-2.63,3.14
-13,10,140,-136,-443,3910,-0.18,0.57,11.81,-1.36,-4.43,39.10,-5.49,3.70,-32.06,3.94,-2.80,3.53
-4,17,119,-59,-490,3913,-0.19,0.62,11.35,-0.59,-4.90,39.13,-5.50,3.69,-32.11,3.76,-2.95,4.83
-11,-4,66,-33,-590,3960,-0.23,0.53,10.62,-0.33,-5.90,39.60,-5.51,3.69,-32.15,3.93,-2.50,8.55
-5,2,37,-55,-683,3918,-0.24,0.49,9.78,-0.55,-6.83,39.18,-5.53,3.68,-32.19,3.81,-2.61,10.12
-13,-6,-67,80,-431,3887,-0.30,0.41,8.40,0.80,-4.31,38.87,-5.53,3.67,-32.22,3.99,-2.41,17.47
-12,-8,-96,102,-367,3877,-0.34,0.32,6.97,1.02,-3.67,38.77,-5.53,3.66,-32.25,3.98,-2.34,18.42
-146,-132,-58,303,-102,3881,-1.20,-0.52,5.92,3.03,-1.02,38.81,-5.52,3.64,-32.27,6.94,0.42,14.09
-119,-112,-29,260,-36,3957,-1.80,-1.15,5.15,2.60,-0.36,39.57,-5.52,3.62,-32.29,6.55,0.20,10.82
47,32,38,54,-317,3892,-1.34,-0.84,4.87,0.54,-3.17,38.92,-5.52,3.60,-32.31,3.05,-2.80,4.84
58,46,32,68,-329,3908,-0.85,-0.48,4.58,0.68,-3.29,39.08,-5.52,3.58,-32.33,2.69,-3.17,5.04
56,50,27,153,-406,3891,-0.42,-0.12,4.28,1.53,-4.06,38.91,-5.52,3.57,-32.35,2.62,-3.34,5.16
15,14,55,233,-406,3951,-0.29,-0.03,4.19,2.33,-4.06,39.51,-5.52,3.55,-32.37,3.42,-2.62,2.69
-61,-53,129,184,-493,3929,-0.63,-0.35,4.56,1.84,-4.93,39.29,-5.53,3.53,-32.38,5.06,-1.16,-3.19
-88,-90,132,126,-518,3860,-1.11,-0.86,4.91,1.26,-5.18,38.60,-5.54,3.51,-32.40,5.74,-0.25,-3.07
-200,-177,102,-110,-727,4126,-2.21,-1.85,5.04,-1.10,-7.27,41.26,-5.56,3.50,-32.42,8.34,1.79,-0.39
-135,-120,81,-67,-711,4021,-2.82,-2.40,5.03,-0.67,-7.11,40.21,-5.59,3.48,-32.44,7.20,0.79,1.38
-108,16,41,-54,-459,3857,-3.19,-2.06,4.78,-0.54,-4.59,38.57,-5.61,3.46,-32.46,6.77,-2.05,4.51
-99,22,38,-133,-432,3826,-3.48,-1.72,4.53,-1.33,-4.32,38.26,-5.63,3.44,-32.48,6.68,-2.25,4.50
-19,2,54,-122,-442,3867,-3.25,-1.54,4.41,-1.22,-4.42,38.67,-5.65,3.42,-32.50,5.00,-1.88,3.02
-7,-1,50,-131,-429,3890,-2.96,-1.39,4.27,-1.31,-4.29,38.90,-5.67,3.40,-32.52,4.69,-1.84,3.21
3,2,55,-93,-502,3892,-2.65,-1.24,4.18,-0.93,-5.02,38.92,-5.69,3.38,-32.53,4.42,-1.93,2.69
-1,-4,64,-99,-514,3954,-2.39,-1.14,4.15,-0.99,-5.14,39.54,-5.71,3.37,-32.55,4.44,-1.83,1.90
71,-104,201,226,-281,3186,-1.72,-1.66,4.96,2.26,-2.81,31.86,-5.71,3.34,-32.57,2.80,0.36,-8.84
74,-46,272,514,-302,4549,-1.10,-1.77,6.13,5.14,-3.02,45.49,-5.71,3.32,-32.59,2.56,-0.77,-13.62
-30,-38,438,520,-559,4047,-1.17,-1.83,8.19,5.20,-5.59,40.47,-5.72,3.30,-32.63,4.70,-0.91,-20.00
-36,-41,520,490,-600,4079,-1.27,-1.90,10.54,4.90,-6.00,40.79,-5.73,3.28,-32.67,4.86,-0.81,-20.00
-15,-6,636,-171,-761,3841,-1.24,-1.74,13.36,-1.71,-7.61,38.41,-5.75,3.27,-32.72,4.43,-1.56,-20.00
-16,1,600,-348,-521,3846,-1.21,-1.56,15.69,-3.48,-5.21,38.46,-5.76,3.29,-32.79,4.46,-1.76,-20.00
6,11,458,-322,-485,3883,-1.05,-1.34,16.91,-3.22,-4.85,38.83,-5.77,3.30,-32.85,3.97,-2.04,-17.94
3,29,442,-209,-456,3851,-0.93,-1.03,17.92,-2.09,-4.56,38.51,-5.79,3.30,-32.92,4.01,-2.49,-15.51
24,7,451,30,-264,3860,-0.69,-0.88,18.88,0.30,-2.64,38.60,-5.78,3.29,-33.00,3.52,-2.07,-15.25
18,2,510,107,-123,3921,-0.51,-0.78,20.10,1.07,-1.23,39.21,-5.77,3.28,-33.08,3.58,-1.99,-18.95
-16,17,711,297,-254,3866,-0.56,-0.60,22.43,2.97,-2.54,38.66,-5.76,3.27,-33.17,4.28,-2.34,-20.00
17,-1,752,199,-100,3979,-0.40,-0.55,24.77,1.99,-1.00,39.79,-5.74,3.26,-33.27,3.55,-1.98,-20.00
-23,-23,867,220,-564,3883,-0.50,-0.63,27.58,2.20,-5.64,38.83,-5.75,3.25,-33.38,4.40,-1.51,-20.00
-29,-3,876,69,-547,3806,-0.63,-0.59,30.17,0.69,-5.47,38.06,-5.75,3.24,-33.50,4.56,-1.92,-20.00
-2,10,899,62,-514,3860,-0.58,-0.47,32.64,0.62,-5.14,38.60,-5.75,3.24,-33.63,3.99,-2.21,-20.00
-23,-2,917,8,-414,3906,-0.66,-0.43,34.97,0.08,-4.14,39.06,-5.75,3.23,-33.77,4.44,-1.98,-20.00
-23,1,994,13,-274,3912,-0.73,-0.38,37.53,0.13,-2.74,39.12,-5.74,3.23,-33.92,4.45,-2.05,-20.00
-22,4,1037,26,-266,3915,-0.79,-0.32,40.11,0.26,-2.66,39.15,-5.72,3.23,-34.08,4.44,-2.13,-20.00
-6,3,1249,68,-219,3943,-0.75,-0.27,43.71,0.68,-2.19,39.43,-5.71,3.23,-34.25,4.09,-2.12,-20.00
-38,17,1365,17,-350,3899,-0.91,-0.14,47.67,0.17,-3.50,38.99,-5.70,3.23,-34.45,4.78,-2.44,-20.00
-57,2,1607,93,-521,3940,-1.16,-0.11,52.70,0.93,-5.21,39.40,-5.70,3.23,-34.65,5.24,-2.14,-20.00
-2,30,1652,58,-652,4018,-1.06,0.08,57.51,0.58,-6.52,40.18,-5.70,3.24,-34.88,4.09,-2.77,-20.00
-28,33,1760,-159,-618,3856,-1.12,0.27,62.50,-1.59,-6.18,38.56,-5.71,3.26,-35.13,4.64,-2.90,-20.00
-28,19,1771,-228,-613,3996,-1.18,0.36,67.05,-2.28,-6.13,39.96,-5.71,3.29,-35.40,4.66,-2.66,-20.00
-36,30,1824,-63,-723,3874,-1.28,0.51,71.47,-0.63,-7.23,38.74,-5.72,3.31,-35.68,4.86,-2.94,-20.00
-4,23,1846,-109,-583,3923,-1.18,0.60,75.58,-1.09,-5.83,39.23,-5.72,3.34,-35.98,4.18,-2.83,-20.00
-48,26,1938,42,-587,3877,-1.36,0.70,79.85,0.42,-5.87,38.77,-5.72,3.36,-36.30,5.12,-2.93,-20.00
-32,38,1969,65,-532,3747,-1.41,0.86,83.87,0.65,-5.32,37.47,-5.71,3.38,-36.63,4.81,-3.24,-20.00
-57,19,2025,-83,-522,3686,-1.62,0.89,87.84,-0.83,-5.22,36.86,-5.71,3.40,-36.98,5.37,-2.88,-20.00
-36,27,2056,14,-523,3974,-1.68,0.97,91.60,0.14,-5.23,39.74,-5.71,3.43,-37.35,4.96,-3.07,-20.00
-22,39,2118,96,-619,3961,-1.64,1.11,95.36,0.96,-6.19,39.61,-5.70,3.46,-37.73,4.66,-3.38,-20.00
-53,25,2115,-19,-541,3923,-1.80,1.15,98.72,-0.19,-5.41,39.23,-5.70,3.48,-38.12,5.33,-3.12,-20.00
-37,38,2058,-90,-622,3795,-1.85,1.27,101.40,-0.90,-6.22,37.95,-5.69,3.52,-38.52,5.01,-3.44,-20.00
-29,46,2033,-85,-629,3932,-1.84,1.42,103.67,-0.85,-6.29,39.32,-5.69,3.56,-38.93,4.85,-3.67,-20.00
-20,57,1915,-64,-640,3864,-1.78,1.63,104.98,-0.64,-6.40,38.64,-5.69,3.59,-39.35,4.65,-3.97,-20.00
-17,50,1865,-49,-712,3924,-1.70,1.77,105.86,-0.49,-7.12,39.24,-5.68,3.63,-39.77,4.56,-3.90,-20.00
-8,39,1701,26,-616,3950,-1.58,1.83,105.65,0.26,-6.16,39.50,-5.67,3.67,-40.19,4.34,-3.71,-20.00
-5,55,1654,15,-560,3837,-1.46,1.98,105.17,0.15,-5.60,38.37,-5.66,3.70,-40.61,4.24,-4.10,-20.00
-8,50,1456,89,-603,3921,-1.36,2.09,103.54,0.89,-6.03,39.21,-5.65,3.74,-41.02,4.26,-4.05,-10.03
-9,52,1343,82,-560,3885,-1.28,2.20,101.38,0.82,-5.60,38.85,-5.64,3.77,-41.42,4.25,-4.14,-2.71
-4,54,1149,-10,-537,3668,-1.17,2.31,98.25,-0.10,-5.37,36.68,-5.63,3.80,-41.81,4.12,-4.24,10.45
18,80,1108,-20,-515,3981,-0.95,2.56,95.18,-0.20,-5.15,39.81,-5.61,3.83,-42.19,3.60,-4.85,10.71
10,46,991,46,-571,3938,-0.79,2.59,91.71,0.46,-5.71,39.38,-5.60,3.86,-42.56,3.71,-4.19,16.98
16,45,960,95,-482,3899,-0.61,2.60,88.39,0.95,-4.82,38.99,-5.59,3.89,-42.91,3.53,-4.19,16.13
-11,28,888,153,-420,3919,-0.62,2.51,84.97,1.53,-4.20,39.19,-5.57,3.91,-43.24,4.07,-3.84,18.63
2,24,862,151,-346,3957,-0.55,2.41,81.73,1.51,-3.46,39.57,-5.55,3.94,-43.57,3.77,-3.74,17.44
-7,13,807,6,-412,3930,-0.53,2.25,78.48,0.06,-4.12,39.30,-5.53,3.96,-43.88,3.94,-3.49,18.68
-5,18,788,23,-422,3899,-0.51,2.13,75.44,0.23,-4.22,38.99,-5.51,3.98,-44.18,3.88,-3.57,17.10
-17,2,729,18,-489,4016,-0.56,1.93,72.34,0.18,-4.89,40.16,-5.50,4.00,-44.47,4.13,-3.20,18.84
-16,0,722,-6,-497,3945,-0.60,1.74,69.51,-0.06,-4.97,39.45,-5.49,4.01,-44.75,4.11,-3.12,16.46
-26,2,755,51,-483,3954,-0.70,1.58,67.17,0.51,-4.83,39.54,-5.48,4.03,-45.01,4.34,-3.13,11.21
3,12,766,154,-436,3858,-0.61,1.49,65.12,1.54,-4.36,38.58,-5.47,4.04,-45.27,3.72,-3.32,8.14
-20,-8,797,99,-484,3897,-0.68,1.29,63.47,0.99,-4.84,38.97,-5.46,4.05,-45.52,4.19,-2.86,3.78
-18,-2,810,65,-436,3913,-0.72,1.15,62.07,0.65,-4.36,39.13,-5.45,4.06,-45.77,4.16,-2.95,1.22
-16,2,809,-33,-473,3950,-0.74,1.05,60.79,-0.33,-4.73,39.50,-5.44,4.07,-46.01,4.12,-3.01,-0.02
-25,-10,799,-14,-478,3896,-0.82,0.88,59.59,-0.14,-4.78,38.96,-5.43,4.08,-46.25,4.32,-2.73,-0.43
-21,0,760,105,-475,3867,-0.87,0.80,58.27,1.05,-4.75,38.67,-5.42,4.09,-46.48,4.24,-2.92,1.49
-21,-9,744,158,-540,3986,-0.91,0.66,56.98,1.58,-5.40,39.86,-5.42,4.10,-46.71,4.25,-2.70,1.50
-17,0,713,134,-484,3929,-0.92,0.59,55.63,1.34,-4.84,39.29,-5.41,4.10,-46.93,4.17,-2.87,2.72
-10,3,715,78,-467,3909,-0.89,0.55,54.43,0.78,-4.67,39.09,-5.40,4.11,-47.15,4.01,-2.92,1.30
-11,18,656,58,-543,3819,-0.87,0.61,52.99,0.58,-5.43,38.19,-5.40,4.11,-47.36,4.02,-3.25,4.79
-2,10,636,-5,-385,3911,-0.79,0.61,51.57,-0.05,-3.85,39.11,-5.39,4.12,-47.56,3.81,-3.09,5.00
17,42,604,-37,-378,3836,-0.61,0.80,50.10,-0.37,-3.78,38.36,-5.38,4.12,-47.76,3.37,-3.79,6.17
3,32,589,-38,-338,3872,-0.53,0.92,48.68,-0.38,-3.38,38.72,-5.36,4.12,-47.96,3.62,-3.62,5.96
-20,20,516,-42,-352,3935,-0.60,0.95,46.96,-0.42,-3.52,39.35,-5.35,4.13,-48.15,4.10,-3.39,10.34
-13,22,484,-70,-331,3980,-0.62,0.99,45.21,-0.70,-3.31,39.80,-5.34,4.13,-48.33,3.96,-3.44,11.22
-11,17,363,4,-393,3903,-0.62,0.99,42.91,0.04,-3.93,39.03,-5.33,4.13,-48.50,3.91,-3.34,19.05
-11,11,328,37,-343,3904,-0.63,0.96,40.62,0.37,-3.43,39.04,-5.32,4.13,-48.66,3.91,-3.21,19.60
5,9,213,82,-443,3840,-0.54,0.92,37.86,0.82,-4.43,38.40,-5.32,4.13,-48.81,3.55,-3.16,20.00
-6,1,226,139,-520,3920,-0.52,0.83,35.45,1.39,-5.20,39.20,-5.31,4.13,-48.95,3.77,-2.97,20.00
9,22,277,-21,-733,3890,-0.41,0.88,33.59,-0.21,-7.33,38.90,-5.32,4.14,-49.08,3.44,-3.42,16.52
-11,-3,299,-53,-800,3940,-0.44,0.78,32.06,-0.53,-8.00,39.40,-5.33,4.14,-49.21,3.86,-2.89,13.04
5,19,380,-30,-687,3899,-0.36,0.82,31.17,-0.30,-6.87,38.99,-5.34,4.15,-49.33,3.52,-3.35,5.25
-8,5,381,-78,-679,3975,-0.38,0.76,30.38,-0.78,-6.79,39.75,-5.34,4.15,-49.45,3.79,-3.05,4.34
4,13,347,-127,-469,3911,-0.31,0.77,29.46,-1.27,-4.69,39.11,-5.35,4.15,-49.57,3.53,-3.21,6.25
1,22,342,-126,-415,3887,-0.28,0.83,28.60,-1.26,-4.15,38.87,-5.35,4.14,-49.68,3.58,-3.41,5.78
16,23,304,-34,-442,3885,-0.15,0.88,27.59,-0.34,-4.42,38.85,-5.34,4.14,-49.79,3.24,-3.44,7.94
1,12,305,-63,-459,3865,-0.13,0.87,26.69,-0.63,-4.59,38.65,-5.34,4.14,-49.90,3.54,-3.21,6.92
2,14,349,35,-466,3864,-0.10,0.87,26.15,0.35,-4.66,38.64,-5.34,4.13,-50.00,3.51,-3.25,2.62
1,10,385,65,-491,3904,-0.09,0.84,25.89,0.65,-4.91,39.04,-5.34,4.13,-50.10,3.53,-3.16,-0.70
-22,-8,482,-13,-576,3921,-0.21,0.71,26.24,-0.13,-5.76,39.21,-5.35,4.13,-50.21,4.03,-2.75,-8.54
-32,-27,511,-42,-618,3981,-0.39,0.47,26.73,-0.42,-6.18,39.81,-5.35,4.13,-50.31,4.29,-2.30,-10.46
-35,-25,549,5,-567,3919,-0.56,0.27,27.41,0.05,-5.67,39.19,-5.36,4.12,-50.42,4.40,-2.29,-12.95
-40,-28,544,50,-536,3883,-0.75,0.07,27.98,0.50,-5.36,38.83,-5.36,4.12,-50.53,4.56,-2.17,-11.91
-29,-22,500,4,-417,3954,-0.85,-0.07,28.24,0.04,-4.17,39.54,-5.36,4.11,-50.65,4.36,-2.25,-7.90
-27,-14,491,16,-364,3914,-0.93,-0.15,28.41,0.16,-3.64,39.14,-5.35,4.10,-50.76,4.34,-2.38,-6.95
-45,-29,514,97,-482,3966,-1.11,-0.31,28.70,0.97,-4.82,39.66,-5.36,4.09,-50.87,4.75,-2.03,-8.58
-45,-46,526,67,-464,3931,-1.28,-0.56,29.04,0.67,-4.64,39.31,-5.36,4.08,-50.99,4.80,-1.61,-9.22
-32,-30,570,77,-631,3848,-1.34,-0.69,29.61,0.77,-6.31,38.48,-5.37,4.08,-51.11,4.56,-1.89,-12.33
-36,-15,587,60,-573,3854,-1.43,-0.71,30.23,0.60,-5.73,38.54,-5.37,4.07,-51.23,4.67,-2.19,-13.11
-14,4,619,130,-431,3897,-1.37,-0.61,30.99,1.30,-4.31,38.97,-5.37,4.06,-51.35,4.20,-2.59,-15.01
-14,8,626,147,-434,3841,-1.32,-0.50,31.71,1.47,-4.34,38.41,-5.37,4.05,-51.48,4.19,-2.70,-14.83
-1,22,653,105,-498,3920,-1.19,-0.32,32.52,1.05,-4.98,39.20,-5.37,4.05,-51.61,3.89,-3.03,-16.25
3,16,671,120,-443,3803,-1.06,-0.19,33.36,1.20,-4.43,38.03,-5.37,4.04,-51.74,3.77,-2.94,-16.87
14,59,724,94,-489,3903,-0.87,0.19,34.44,0.94,-4.89,39.03,-5.37,4.04,-51.88,3.50,-3.92,-20.00
2,33,730,106,-518,3968,-0.77,0.37,35.45,1.06,-5.18,39.68,-5.37,4.03,-52.02,3.71,-3.44,-19.63
11,40,736,49,-357,3859,-0.62,0.58,36.39,0.49,-3.57,38.59,-5.36,4.03,-52.16,3.49,-3.63,-19.12
10,35,735,39,-285,3952,-0.50,0.73,37.24,0.39,-2.85,39.52,-5.35,4.03,-52.31,3.46,-3.57,-18.13
-9,34,776,107,-196,3935,-0.50,0.87,38.25,1.07,-1.96,39.35,-5.33,4.03,-52.46,3.84,-3.59,-20.00
-9,33,806,109,-209,3901,-0.51,0.98,39.34,1.09,-2.09,39.01,-5.32,4.03,-52.62,3.83,-3.60,-20.00
-8,6,852,156,-381,3883,-0.51,0.92,40.60,1.56,-3.81,38.83,-5.31,4.03,-52.78,3.80,-3.04,-20.00
13,26,869,214,-382,3810,-0.38,0.99,41.84,2.14,-3.82,38.10,-5.30,4.04,-52.95,3.34,-3.46,-20.00
-3,50,841,78,-520,3803,-0.36,1.19,42.79,0.78,-5.20,38.03,-5.30,4.04,-53.12,3.65,-4.01,-20.00
-5,35,833,82,-463,3980,-0.35,1.29,43.59,0.82,-4.63,39.80,-5.29,4.04,-53.29,3.69,-3.73,-19.62
6,40,810,35,-439,3844,-0.28,1.40,44.17,0.35,-4.39,38.44,-5.28,4.05,-53.47,3.44,-3.87,-17.04
-2,30,802,-55,-327,3900,-0.26,1.45,44.65,-0.55,-3.27,39.00,-5.27,4.05,-53.65,3.59,-3.68,-15.84
2,23,785,70,-509,3868,-0.23,1.44,44.97,0.70,-5.09,38.68,-5.27,4.06,-53.82,3.50,-3.54,-14.04
-4,26,784,10,-506,3941,-0.23,1.46,45.26,0.10,-5.06,39.41,-5.26,4.06,-54.00,3.62,-3.61,-13.64
-3,30,767,-10,-500,3856,-0.22,1.49,45.41,-0.10,-5.00,38.56,-5.26,4.07,-54.18,3.59,-3.70,-12.02
6,20,719,-123,-340,3983,-0.16,1.47,45.25,-1.23,-3.40,39.83,-5.24,4.07,-54.37,3.38,-3.50,-8.10
2,18,654,43,-555,3844,-0.14,1.43,44.72,0.43,-5.55,38.44,-5.24,4.08,-54.54,3.46,-3.45,-3.15
-12,29,650,-24,-518,3872,-0.20,1.46,44.21,-0.24,-5.18,38.72,-5.24,4.09,-54.72,3.76,-3.69,-3.33
-4,20,594,20,-418,3847,-0.20,1.44,43.41,0.20,-4.18,38.47,-5.23,4.09,-54.89,3.59,-3.50,0.59
-11,31,582,-32,-441,3881,-0.25,1.48,42.62,-0.32,-4.41,38.81,-5.23,4.09,-55.06,3.74,-3.74,0.78
-14,13,540,-6,-352,3897,-0.31,1.42,41.65,-0.06,-3.52,38.97,-5.22,4.10,-55.23,3.81,-3.35,3.33
10,19,521,-18,-323,3964,-0.22,1.39,40.67,-0.18,-3.23,39.64,-5.20,4.10,-55.39,3.29,-3.47,3.91
-9,10,497,28,-281,3909,-0.25,1.31,39.63,0.28,-2.81,39.09,-5.19,4.10,-55.55,3.68,-3.27,4.86
-6,20,497,10,-276,3931,-0.26,1.30,38.70,0.10,-2.76,39.31,-5.17,4.10,-55.70,3.61,-3.47,3.89
-1,18,458,14,-344,3844,-0.24,1.28,37.62,0.14,-3.44,38.44,-5.16,4.10,-55.85,3.49,-3.42,6.06
-4,9,463,72,-442,3907,-0.24,1.21,36.69,0.72,-4.42,39.07,-5.16,4.10,-56.00,3.55,-3.22,4.66
-7,10,533,115,-469,3916,-0.26,1.15,36.27,1.15,-4.69,39.16,-5.15,4.10,-56.14,3.61,-3.22,-1.70
-8,8,548,96,-387,3891,-0.28,1.08,35.98,0.96,-3.87,38.91,-5.15,4.10,-56.28,3.64,-3.17,-3.26
-4,10,554,-46,-300,3903,-0.28,1.04,35.77,-0.46,-3.00,39.03,-5.13,4.10,-56.43,3.55,-3.19,-3.99
-2,15,548,-15,-337,3928,-0.26,1.02,35.53,-0.15,-3.37,39.28,-5.12,4.10,-56.57,3.49,-3.29,-3.71
-2,15,526,-13,-399,3805,-0.25,1.01,35.19,-0.13,-3.99,38.05,-5.12,4.10,-56.71,3.49,-3.29,-2.20
-8,15,520,35,-458,3903,-0.27,1.00,34.84,0.35,-4.58,39.03,-5.12,4.10,-56.85,3.61,-3.28,-2.05
-7,9,482,50,-478,3949,-0.29,0.96,34.30,0.50,-4.78,39.49,-5.11,4.10,-56.98,3.60,-3.15,0.61
-7,10,475,78,-455,3894,-0.30,0.92,33.76,0.78,-4.55,38.94,-5.11,4.09,-57.12,3.60,-3.16,0.65
6,15,438,26,-491,3942,-0.24,0.92,33.06,0.26,-4.91,39.42,-5.11,4.09,-57.25,3.31,-3.26,3.05
1,5,404,6,-509,3890,-0.21,0.86,32.22,0.06,-5.09,38.90,-5.11,4.09,-57.37,3.41,-3.04,5.05
-6,3,335,16,-425,3889,-0.22,0.79,31.04,0.16,-4.25,38.89,-5.11,4.09,-57.50,3.55,-2.98,9.66
-4,15,322,33,-438,3876,-0.22,0.80,29.90,0.33,-4.38,38.76,-5.10,4.09,-57.62,3.51,-3.22,9.57
-2,5,284,22,-461,3901,-0.21,0.75,28.64,0.22,-4.61,39.01,-5.10,4.08,-57.73,3.47,-3.00,11.46
-2,4,275,45,-470,3910,-0.20,0.70,27.46,0.45,-4.70,39.10,-5.10,4.08,-57.84,3.46,-2.96,10.98
0,5,257,30,-501,3976,-0.18,0.66,26.28,0.30,-5.01,39.76,-5.10,4.07,-57.94,3.42,-2.97,11.27
3,8,252,57,-498,3919,-0.15,0.65,25.19,0.57,-4.98,39.19,-5.10,4.07,-58.04,3.35,-3.02,10.54
-1,5,253,63,-434,3974,-0.14,0.61,24.21,0.63,-4.34,39.74,-5.10,4.06,-58.14,3.43,-2.95,9.44
-1,0,251,76,-418,3914,-0.13,0.55,23.32,0.76,-4.18,39.14,-5.10,4.05,-58.23,3.42,-2.82,8.67
-6,0,247,93,-373,3982,-0.15,0.50,22.50,0.93,-3.73,39.82,-5.09,4.04,-58.32,3.53,-2.80,8.14
-4,5,265,100,-378,3879,-0.16,0.48,21.86,1.00,-3.78,38.79,-5.09,4.04,-58.41,3.49,-2.90,5.96
-8,4,289,20,-365,3938,-0.20,0.45,21.44,0.20,-3.65,39.38,-5.09,4.03,-58.49,3.57,-2.86,3.48
0,8,299,65,-498,3858,-0.18,0.46,21.12,0.65,-4.98,38.58,-5.09,4.02,-58.58,3.41,-2.94,2.30
-1,3,325,77,-473,3873,-0.16,0.43,20.99,0.77,-4.73,38.73,-5.09,4.01,-58.66,3.42,-2.83,-0.03
-7,8,333,120,-477,3950,-0.19,0.44,20.92,1.20,-4.77,39.50,-5.09,4.00,-58.74,3.55,-2.92,-0.77
-7,6,364,54,-344,3886,-0.21,0.43,21.05,0.54,-3.44,38.86,-5.09,3.99,-58.83,3.56,-2.87,-3.25
-6,4,369,61,-392,3901,-0.23,0.41,21.20,0.61,-3.92,39.01,-5.08,3.98,-58.91,3.54,-2.82,-3.52
-12,-4,377,14,-460,3919,-0.28,0.34,21.38,0.14,-4.60,39.19,-5.08,3.98,-59.00,3.68,-2.64,-4.00
-20,10,356,-150,-463,3693,-0.37,0.37,21.41,-1.50,-4.63,36.93,-5.09,3.97,-59.08,3.87,-2.93,-2.17
16,37,278,33,-461,3898,-0.24,0.56,20.97,0.33,-4.61,38.98,-5.10,3.97,-59.17,3.10,-3.52,3.97
9,8,281,157,-458,3952,-0.16,0.55,20.58,1.57,-4.58,39.52,-5.10,3.96,-59.25,3.22,-2.93,3.32
-29,-1,442,218,-217,3970,-0.32,0.49,21.22,2.18,-2.17,39.70,-5.09,3.95,-59.33,4.03,-2.72,-9.64
0,10,464,119,-297,3941,-0.29,0.50,21.93,1.19,-2.97,39.41,-5.08,3.94,-59.42,3.43,-2.94,-10.74
2,-13,366,-107,-487,4044,-0.25,0.37,21.97,-1.07,-4.87,40.44,-5.08,3.94,-59.51,3.38,-2.44,-2.39
38,35,381,212,-307,3700,0.01,0.55,22.10,2.12,-3.07,37.00,-5.08,3.93,-59.59,2.58,-3.45,-3.52
-11,-24,387,93,-581,3892,-0.06,0.35,22.25,0.93,-5.81,38.92,-5.08,3.92,-59.68,3.59,-2.20,-3.86
-10,-7,397,97,-383,3580,-0.11,0.27,22.44,0.97,-3.83,35.80,-5.08,3.91,-59.77,3.59,-2.51,-4.49
-11,26,385,-8,-455,3916,-0.17,0.40,22.55,-0.08,-4.55,39.16,-5.08,3.91,-59.86,3.62,-3.22,-3.35
-40,10,369,16,-560,3905,-0.40,0.42,22.54,0.16,-5.60,39.05,-5.09,3.90,-59.95,4.28,-2.89,-2.00
-19,-4,312,-89,-218,3968,-0.47,0.36,22.19,-0.89,-2.18,39.68,-5.07,3.90,-60.04,3.86,-2.59,2.47
-10,17,269,-121,-296,3937,-0.49,0.42,21.61,-1.21,-2.96,39.37,-5.06,3.89,-60.13,3.68,-3.03,5.51
15,13,179,23,-391,3977,-0.35,0.46,20.55,0.23,-3.91,39.77,-5.06,3.88,-60.21,3.13,-2.95,12.01
15,19,168,123,-323,3934,-0.22,0.53,19.52,1.23,-3.23,39.34,-5.05,3.87,-60.29,3.09,-3.08,11.86
-13,23,205,79,-194,4142,-0.28,0.62,18.81,0.79,-1.94,41.42,-5.04,3.86,-60.36,3.67,-3.19,7.99
-7,-11,208,-55,-377,3952,-0.29,0.49,18.20,-0.55,-3.77,39.52,-5.04,3.85,-60.43,3.55,-2.45,7.09
-6,9,125,-67,-341,3863,-0.30,0.50,17.14,-0.67,-3.41,38.63,-5.04,3.84,-60.50,3.53,-2.85,13.01
7,-1,112,-34,-410,3998,-0.23,0.44,16.11,-0.34,-4.10,39.98,-5.04,3.83,-60.57,3.25,-2.63,13.02
-6,-7,84,50,-497,3997,-0.24,0.35,15.01,0.50,-4.97,39.97,-5.04,3.82,-60.63,3.52,-2.48,14.24
-6,-11,72,31,-447,3869,-0.25,0.25,13.95,0.31,-4.47,38.69,-5.05,3.81,-60.68,3.52,-2.36,14.13
-16,-9,27,22,-290,3869,-0.33,0.17,12.72,0.22,-2.90,38.69,-5.04,3.80,-60.73,3.74,-2.37,16.65
-13,-13,20,97,-296,3960,-0.37,0.07,11.57,0.97,-2.96,39.60,-5.04,3.78,-60.78,3.69,-2.25,16.03
-7,-7,16,102,-314,3906,-0.38,0.02,10.51,1.02,-3.14,39.06,-5.04,3.77,-60.82,3.57,-2.35,15.25
-8,-3,15,57,-378,3901,-0.39,0.00,9.55,0.57,-3.78,39.01,-5.04,3.75,-60.86,3.59,-2.42,14.32
1,-3,12,70,-450,3907,-0.34,-0.02,8.67,0.70,-4.50,39.07,-5.04,3.74,-60.89,3.40,-2.40,13.64
2,-2,11,83,-423,3919,-0.30,-0.03,7.87,0.83,-4.23,39.19,-5.04,3.72,-60.92,3.37,-2.41,12.88
4,1,9,53,-436,3904,-0.24,-0.02,7.14,0.53,-4.36,39.04,-5.05,3.71,-60.95,3.32,-2.46,12.28
6,1,9,47,-462,3923,-0.18,-0.01,6.48,0.47,-4.62,39.23,-5.05,3.69,-60.98,3.26,-2.46,11.59
4,2,7,-1,-522,3895,-0.14,0.00,5.87,-0.01,-5.22,38.95,-5.06,3.68,-61.00,3.30,-2.47,11.12
6,0,-1,-29,-450,3872,-0.09,0.00,5.28,-0.29,-4.50,38.72,-5.07,3.67,-61.02,3.25,-2.42,11.17
0,-7,-5,28,-482,3923,-0.08,-0.04,4.72,0.28,-4.82,39.23,-5.08,3.65,-61.04,3.37,-2.26,10.92
-4,-7,-3,103,-391,3913,-0.10,-0.08,4.23,1.03,-3.91,39.13,-5.08,3.64,-61.06,3.46,-2.24,10.23
-14,-6,14,104,-332,3946,-0.17,-0.11,3.89,1.04,-3.32,39.46,-5.08,3.62,-61.07,3.68,-2.24,8.43
-26,-18,34,61,-413,3869,-0.31,-0.21,3.71,0.61,-4.13,38.69,-5.08,3.60,-61.09,3.97,-1.95,6.55
-5,7,19,68,-318,3934,-0.31,-0.14,3.46,0.68,-3.18,39.34,-5.08,3.58,-61.10,3.54,-2.47,7.55
-6,3,25,58,-372,3918,-0.32,-0.11,3.26,0.58,-3.72,39.18,-5.08,3.57,-61.11,3.56,-2.38,6.84
-1,7,14,69,-388,3912,-0.29,-0.06,3.02,0.69,-3.88,39.12,-5.09,3.55,-61.12,3.46,-2.47,7.52
-2,4,17,53,-408,3914,-0.28,-0.03,2.82,0.53,-4.08,39.14,-5.09,3.53,-61.14,3.47,-2.40,7.05
3,-4,40,57,-460,3937,-0.23,-0.05,2.79,0.57,-4.60,39.37,-5.10,3.51,-61.15,3.36,-2.23,5.06
0,-2,49,120,-538,3898,-0.21,-0.06,2.81,1.20,-5.38,38.98,-5.10,3.50,-61.16,3.43,-2.25,4.32
17,11,88,-53,-506,3868,-0.08,0.02,3.06,-0.53,-5.06,38.68,-5.12,3.49,-61.17,3.05,-2.53,1.29
22,36,96,52,-372,3862,0.06,0.23,3.34,0.52,-3.72,38.62,-5.12,3.47,-61.18,2.91,-3.09,0.91
10,5,109,-82,-472,3988,0.12,0.24,3.67,-0.82,-4.72,39.88,-5.13,3.46,-61.20,3.15,-2.45,0.16
8,-3,112,-1,-501,3902,0.15,0.20,3.99,-0.01,-5.01,39.02,-5.13,3.44,-61.21,3.18,-2.27,0.24
10,8,91,88,-284,3843,0.20,0.23,4.14,0.88,-2.84,38.43,-5.13,3.43,-61.23,3.13,-2.49,2.19
16,20,88,62,-317,3889,0.28,0.33,4.27,0.62,-3.17,38.89,-5.13,3.41,-61.24,2.98,-2.75,2.57
19,18,73,85,-332,3906,0.36,0.40,4.29,0.85,-3.32,39.06,-5.12,3.40,-61.26,2.89,-2.72,3.87
25,25,67,99,-339,3906,0.48,0.52,4.27,0.99,-3.39,39.06,-5.12,3.38,-61.28,2.74,-2.88,4.36
39,37,46,13,-404,3930,0.67,0.69,4.12,0.13,-4.04,39.30,-5.12,3.37,-61.29,2.40,-3.16,5.98
45,41,45,15,-393,3896,0.88,0.87,3.98,0.15,-3.93,38.96,-5.12,3.36,-61.31,2.22,-3.29,5.92
75,65,28,71,-465,3879,1.25,1.18,3.75,0.71,-4.65,38.79,-5.12,3.35,-61.32,1.51,-3.85,7.12
23,14,15,50,-475,3906,1.26,1.15,3.47,0.50,-4.75,39.06,-5.12,3.33,-61.34,2.57,-2.80,7.92
20,14,-3,73,-405,3880,1.26,1.12,3.11,0.73,-4.05,38.80,-5.12,3.32,-61.35,2.63,-2.78,9.06
17,13,-7,46,-411,3898,1.24,1.09,2.75,0.46,-4.11,38.98,-5.12,3.31,-61.36,2.69,-2.74,9.03
-18,-15,-17,14,-533,3905,1.00,0.89,2.37,0.14,-5.33,39.05,-5.12,3.30,-61.37,3.47,-2.11,9.48
-24,-23,-27,18,-534,3932,0.76,0.66,1.97,0.18,-5.34,39.32,-5.13,3.29,-61.37,3.67,-1.88,9.90
-2,12,-77,118,-428,3925,0.67,0.66,1.30,1.18,-4.28,39.25,-5.13,3.27,-61.38,3.24,-2.59,13.43
-2,6,-62,159,-326,3927,0.59,0.63,0.80,1.59,-3.26,39.27,-5.13,3.26,-61.38,3.26,-2.45,11.62
6,6,-15,-14,-325,3905,0.57,0.61,0.62,-0.14,-3.25,39.05,-5.12,3.24,-61.38,3.10,-2.43,7.46
-1,0,-15,29,-379,3885,0.50,0.55,0.47,0.29,-3.79,38.85,-5.12,3.23,-61.39,3.26,-2.28,7.29
6,4,3,30,-483,3933,0.49,0.52,0.44,0.30,-4.83,39.33,-5.13,3.21,-61.39,3.13,-2.34,5.74
10,9,1,31,-491,3863,0.50,0.52,0.40,0.31,-4.91,38.63,-5.14,3.20,-61.39,3.05,-2.44,5.87
-12,2,-7,50,-279,3940,0.38,0.48,0.32,0.50,-2.79,39.40,-5.13,3.18,-61.39,3.53,-2.27,6.46
5,12,5,29,-282,3934,0.37,0.51,0.32,0.29,-2.82,39.34,-5.12,3.17,-61.39,3.18,-2.47,5.44
-4,2,3,36,-387,3906,0.31,0.47,0.31,0.36,-3.87,39.06,-5.12,3.15,-61.39,3.38,-2.25,5.59
0,3,7,40,-379,3921,0.28,0.44,0.32,0.40,-3.79,39.21,-5.12,3.14,-61.39,3.31,-2.25,5.27
4,3,0,37,-391,3915,0.28,0.41,0.29,0.37,-3.91,39.15,-5.13,3.12,-61.39,3.23,-2.23,5.83
2,1,-1,38,-388,3908,0.26,0.38,0.25,0.38,-3.88,39.08,-5.13,3.10,-61.39,3.27,-2.17,5.88
7,3,-7,43,-401,3908,0.28,0.36,0.18,0.43,-4.01,39.08,-5.13,3.09,-61.39,3.17,-2.20,6.31
8,5,-6,45,-413,3909,0.30,0.35,0.13,0.45,-4.13,39.09,-5.13,3.07,-61.39,3.14,-2.22,6.17
2,-1,-17,44,-400,3920,0.28,0.31,0.01,0.44,-4.00,39.20,-5.14,3.05,-61.39,3.27,-2.08,6.98
4,4,-16,54,-383,3885,0.28,0.30,-0.09,0.54,-3.83,38.85,-5.14,3.04,-61.39,3.23,-2.17,6.79
-1,-1,-7,28,-386,3918,0.24,0.27,-0.12,0.28,-3.86,39.18,-5.14,3.02,-61.39,3.35,-2.05,5.99
0,-1,-5,24,-418,3910,0.22,0.24,-0.14,0.24,-4.18,39.10,-5.14,3.00,-61.39,3.33,-2.03,5.80
3,4,-2,32,-410,3908,0.22,0.24,-0.14,0.32,-4.10,39.08,-5.15,2.98,-61.39,3.28,-2.12,5.55
1,2,-1,37,-403,3909,0.20,0.22,-0.13,0.37,-4.03,39.09,-5.15,2.97,-61.39,3.32,-2.06,5.47
2,1,-2,35,-413,3911,0.19,0.21,-0.13,0.35,-4.13,39.11,-5.15,2.95,-61.39,3.31,-2.02,5.56
3,1,-2,36,-414,3895,0.19,0.19,-0.13,0.36,-4.14,38.95,-5.16,2.93,-61.39,3.29,-2.01,5.56
3,-2,-7,17,-400,3904,0.19,0.16,-0.16,0.17,-4.00,39.04,-5.16,2.92,-61.39,3.29,-1.93,5.95
-4,-6,-10,36,-406,3906,0.15,0.11,-0.20,0.36,-4.06,39.06,-5.16,2.90,-61.39,3.45,-1.82,6.16
6,2,-7,46,-414,3908,0.17,0.11,-0.23,0.46,-4.14,39.08,-5.17,2.88,-61.39,3.24,-1.97,5.88
6,2,-8,45,-409,3918,0.19,0.11,-0.25,0.45,-4.09,39.18,-5.17,2.86,-61.38,3.24,-1.96,5.94
-12,-9,-14,58,-462,3903,0.10,0.05,-0.31,0.58,-4.62,39.03,-5.18,2.85,-61.38,3.64,-1.71,6.38
-2,0,-17,55,-440,3907,0.07,0.04,-0.38,0.55,-4.40,39.07,-5.18,2.83,-61.38,3.44,-1.88,6.56
8,9,-6,34,-418,3913,0.12,0.09,-0.38,0.34,-4.18,39.13,-5.19,2.81,-61.38,3.23,-2.06,5.63
2,6,-6,36,-416,3910,0.12,0.12,-0.38,0.36,-4.16,39.10,-5.19,2.80,-61.38,3.35,-2.00,5.63
1,10,-9,55,-442,3931,0.11,0.17,-0.40,0.55,-4.42,39.31,-5.20,2.78,-61.38,3.38,-2.08,5.86
-1,9,-14,36,-423,3915,0.09,0.21,-0.44,0.36,-4.23,39.15,-5.20,2.76,-61.37,3.43,-2.06,6.24
12,13,-7,20,-388,3901,0.16,0.27,-0.44,0.20,-3.88,39.01,-5.21,2.74,-61.37,3.15,-2.15,5.65
10,8,-7,15,-396,3912,0.20,0.29,-0.44,0.15,-3.96,39.12,-5.21,2.73,-61.37,3.18,-2.04,5.65
9,6,-6,6,-353,3922,0.24,0.30,-0.43,0.06,-3.53,39.22,-5.21,2.71,-61.37,3.19,-1.99,5.57
8,2,4,10,-393,3922,0.26,0.28,-0.37,0.10,-3.93,39.22,-5.21,2.69,-61.37,3.20,-1.89,4.80
2,-53,-6,-416,-858,4041,0.25,-0.07,-0.37,-4.16,-8.58,40.41,-5.22,2.70,-61.36,3.34,-0.68,5.64
21,-23,-73,-469,-880,3518,0.35,-0.21,-0.77,-4.69,-8.80,35.18,-5.24,2.71,-61.36,2.94,-1.26,10.89
53,-49,-293,-92,-545,4673,0.64,-0.48,-2.48,-0.92,-5.45,46.73,-5.25,2.69,-61.35,2.21,-0.65,20.00
4,-44,-323,-509,-742,3845,0.60,-0.70,-4.21,-5.09,-7.42,38.45,-5.26,2.70,-61.33,3.23,-0.69,20.00
-38,-43,-553,-371,-820,4113,0.31,-0.90,-7.16,-3.71,-8.20,41.13,-5.28,2.70,-61.30,4.17,-0.66,20.00
4,-38,-649,-281,-815,3577,0.30,-1.04,-10.40,-2.81,-8.15,35.77,-5.30,2.70,-61.26,3.33,-0.72,20.00
14,-10,-903,-152,-682,3825,0.36,-1.00,-14.87,-1.52,-6.82,38.25,-5.32,2.68,-61.20,3.13,-1.30,20.00
43,26,-981,-198,-744,3892,0.58,-0.74,-19.37,-1.98,-7.44,38.92,-5.34,2.67,-61.12,2.49,-2.09,20.00
-5,5,-1195,-98,-759,4043,0.49,-0.63,-24.72,-0.98,-7.59,40.43,-5.36,2.66,-61.03,3.50,-1.68,20.00
30,22,-1257,-71,-542,3958,0.63,-0.44,-29.92,-0.71,-5.42,39.58,-5.37,2.64,-60.91,2.77,-2.07,20.00
-32,-43,-1423,-138,-627,3981,0.37,-0.65,-35.60,-1.38,-6.27,39.81,-5.40,2.62,-60.76,4.11,-0.67,20.00
39,38,-1456,-22,-614,3902,0.57,-0.36,-40.93,-0.22,-6.14,39.02,-5.42,2.59,-60.60,2.63,-2.38,20.00
6,-24,-1562,35,-591,3927,0.55,-0.47,-46.36,0.35,-5.91,39.27,-5.44,2.56,-60.41,3.32,-1.07,20.00
36,13,-1579,18,-567,3959,0.72,-0.34,-51.36,0.18,-5.67,39.59,-5.46,2.52,-60.21,2.67,-1.84,20.00
-2,-5,-1621,1,-662,3822,0.63,-0.34,-56.11,0.01,-6.62,38.22,-5.48,2.49,-59.98,3.49,-1.45,20.00
28,8,-1622,44,-598,4060,0.74,-0.26,-60.39,0.44,-5.98,40.60,-5.50,2.45,-59.74,2.86,-1.71,20.00
-61,-103,-1453,523,152,3928,0.29,-0.86,-63.22,5.23,1.52,39.28,-5.50,2.41,-59.49,4.79,0.74,20.00
10,23,-1404,721,41,4126,0.32,-0.63,-65.46,7.21,0.41,41.26,-5.50,2.37,-59.23,3.34,-1.86,20.00
-7,-16,-1059,491,66,3873,0.25,-0.67,-65.37,4.91,0.66,38.73,-5.50,2.32,-58.97,3.70,-1.03,20.00
25,21,-902,542,186,3833,0.38,-0.47,-64.34,5.42,1.86,38.33,-5.50,2.28,-58.72,3.02,-1.81,13.58
30,23,-534,655,235,3946,0.52,-0.28,-61.16,6.55,2.35,39.46,-5.49,2.24,-58.47,2.87,-1.87,-14.26
-6,-23,-435,592,88,3957,0.43,-0.40,-57.70,5.92,0.88,39.57,-5.49,2.21,-58.24,3.63,-0.88,-19.00
-2,-6,-127,459,49,3878,0.38,-0.39,-52.70,4.59,0.49,38.78,-5.49,2.17,-58.03,3.56,-1.20,-20.00
-11,-20,-64,351,-82,3861,0.27,-0.48,-47.82,3.51,-0.82,38.61,-5.48,2.13,-57.84,3.77,-0.87,-20.00
4,5,-4,33,-407,3911,0.27,-0.40,-43.07,0.33,-4.07,39.11,-5.49,2.10,-57.67,3.47,-1.38,-20.00
-8,-8,-1,-19,-423,3915,0.19,-0.41,-38.77,-0.19,-4.23,39.15,-5.50,2.06,-57.52,3.74,-1.09,-20.00
4,2,0,54,-408,3901,0.20,-0.35,-34.89,0.54,-4.08,39.01,-5.51,2.03,-57.38,3.50,-1.28,-20.00
-1,-3,2,76,-397,3879,0.17,-0.34,-31.39,0.76,-3.97,38.79,-5.52,2.00,-57.25,3.61,-1.17,-20.00
2,2,4,68,-382,3906,0.17,-0.29,-28.22,0.68,-3.82,39.06,-5.52,1.97,-57.14,3.56,-1.26,-20.00
-2,-2,12,119,-385,3908,0.14,-0.27,-25.33,1.19,-3.85,39.08,-5.52,1.94,-57.04,3.65,-1.16,-20.00
-20,-17,47,86,-425,3932,0.00,-0.35,-22.51,0.86,-4.25,39.32,-5.53,1.91,-56.95,4.06,-0.82,-20.00
-5,-5,52,66,-447,3945,-0.03,-0.35,-19.94,0.66,-4.47,39.45,-5.54,1.88,-56.87,3.76,-1.05,-20.00
-4,-6,48,7,-380,3877,-0.05,-0.35,-17.65,0.07,-3.80,38.77,-5.54,1.86,-56.80,3.75,-1.01,-17.65
5,7,44,25,-414,3899,-0.01,-0.27,-15.62,0.25,-4.14,38.99,-5.55,1.83,-56.74,3.56,-1.28,-15.16
-2,0,35,3,-442,3899,-0.02,-0.24,-13.84,0.03,-4.42,38.99,-5.56,1.81,-56.68,3.72,-1.13,-12.52
-10,-8,33,57,-436,3888,-0.08,-0.27,-12.26,0.57,-4.36,38.88,-5.56,1.79,-56.64,3.90,-0.94,-10.68
-9,-6,54,104,-365,3917,-0.13,-0.28,-10.70,1.04,-3.65,39.17,-5.57,1.76,-56.59,3.89,-0.97,-10.82
-3,-6,61,59,-345,3885,-0.14,-0.29,-9.26,0.59,-3.45,38.85,-5.56,1.74,-56.56,3.77,-0.95,-9.88
-2,7,64,-53,-402,3903,-0.13,-0.22,-7.94,-0.53,-4.02,39.03,-5.57,1.72,-56.52,3.75,-1.22,-8.75
-3,-2,51,-133,-449,3919,-0.14,-0.21,-6.84,-1.33,-4.49,39.19,-5.59,1.72,-56.50,3.79,-1.04,-6.48
1,0,13,-91,-447,3907,-0.12,-0.19,-6.08,-0.91,-4.47,39.07,-5.61,1.71,-56.47,3.71,-1.08,-2.45
5,4,7,-65,-432,3929,-0.08,-0.14,-5.43,-0.65,-4.32,39.29,-5.62,1.69,-56.45,3.63,-1.16,-1.26
-1,-1,2,-31,-418,3911,-0.07,-0.13,-4.87,-0.31,-4.18,39.11,-5.63,1.67,-56.43,3.76,-1.05,-0.25
-1,1,1,-4,-414,3906,-0.07,-0.11,-4.38,-0.04,-4.14,39.06,-5.63,1.65,-56.41,3.76,-1.08,0.36
-5,-1,5,11,-397,3900,-0.10,-0.11,-3.91,0.11,-3.97,39.00,-5.64,1.63,-56.40,3.85,-1.03,0.51
-5,-3,5,9,-410,3927,-0.12,-0.12,-3.49,0.09,-4.10,39.27,-5.64,1.61,-56.38,3.86,-0.97,0.96
-2,-2,10,-31,-416,3891,-0.12,-0.12,-3.08,-0.31,-4.16,38.91,-5.65,1.59,-56.37,3.80,-0.98,0.97
-2,-1,10,-15,-410,3912,-0.12,-0.11,-2.71,-0.15,-4.10,39.12,-5.65,1.58,-56.36,3.80,-0.99,1.36
2,1,4,35,-415,3902,-0.09,-0.09,-2.41,0.35,-4.15,39.02,-5.66,1.56,-56.35,3.72,-1.02,2.18
1,2,0,34,-418,3911,-0.08,-0.07,-2.17,0.34,-4.18,39.11,-5.66,1.54,-56.34,3.74,-1.04,2.77
0,1,-5,46,-404,3905,-0.07,-0.06,-1.99,0.46,-4.04,39.05,-5.66,1.52,-56.33,3.76,-1.01,3.39
0,1,-4,46,-404,3909,-0.06,-0.05,-1.81,0.46,-4.04,39.09,-5.67,1.50,-56.33,3.76,-1.00,3.49
0,1,-2,56,-408,3899,-0.06,-0.04,-1.64,0.56,-4.08,38.99,-5.67,1.48,-56.32,3.76,-0.99,3.50
-2,-2,-1,54,-407,3907,-0.06,-0.05,-1.48,0.54,-4.07,39.07,-5.67,1.46,-56.31,3.80,-0.91,3.58
-1,-2,-1,28,-410,3910,-0.06,-0.05,-1.34,0.28,-4.10,39.10,-5.68,1.44,-56.31,3.78,-0.90,3.73
-1,-1,-1,20,-414,3915,-0.06,-0.05,-1.21,0.20,-4.14,39.15,-5.68,1.42,-56.30,3.79,-0.90,3.87
-1,-1,-1,20,-413,3915,-0.06,-0.05,-1.10,0.20,-4.13,39.15,-5.68,1.40,-56.30,3.79,-0.89,3.99
-1,0,0,16,-406,3916,-0.06,-0.05,-0.99,0.16,-4.06,39.16,-5.69,1.39,-56.30,3.79,-0.90,4.02
-3,0,3,15,-408,3910,-0.07,-0.04,-0.87,0.15,-4.08,39.10,-5.69,1.37,-56.29,3.84,-0.89,3.89
-2,1,2,34,-424,3901,-0.08,-0.03,-0.77,0.34,-4.24,39.01,-5.70,1.35,-56.29,3.82,-0.90,4.08
3,-1,12,-19,-480,3906,-0.05,-0.04,-0.62,-0.19,-4.80,39.06,-5.71,1.34,-56.29,3.72,-0.85,3.39
5,3,12,10,-455,3903,-0.02,-0.01,-0.49,0.10,-4.55,39.03,-5.72,1.32,-56.28,3.68,-0.93,3.53
