timestamp,seqno,servo1,servo2,servo3,servo4,pid_roll,pid_pitch,pid_yaw,imu_roll,imu_pitch,imu_yaw,gyro_x,gyro_y,gyro_z,acc_x,acc_y,acc_z,battery,altitude,temperature,calculated_altitude
2025-02-10 18:42:00,0,0,0,0,0,0.00,0.00,0.00,0.00,0.00,0.00,0.00,0.00,0.00,0.00,0.00,0.00,3.50,0.00,0.00,9245.58
2025-02-10 18:42:00,1,0,0,0,0,0.00,0.00,0.00,0.00,0.00,0.00,0.00,0.00,0.00,0.00,0.00,0.00,3.47,0.00,0.00,9242.97
2025-02-10 18:42:00,2,0,0,0,0,0.00,0.00,0.00,0.00,0.00,0.00,0.00,0.00,0.00,0.00,0.00,0.00,3.47,0.00,0.00,9217.43
2025-02-10 18:42:00,10,0,0,0,0,0.00,0.00,0.00,0.00,0.00,0.00,0.00,0.00,0.00,0.00,0.00,0.00,3.47,0.00,0.00,9215.71
2025-02-10 18:42:00,11,0,0,0,0,0.00,0.00,0.00,0.00,0.00,0.00,0.00,0.00,0.00,0.00,0.00,0.00,3.47,0.00,0.00,9206.49
2025-02-10 18:42:00,13,0,0,0,0,0.00,0.00,0.00,0.00,0.00,0.00,0.00,0.00,0.00,0.00,0.00,0.00,3.47,0.00,0.00,9205.38
2025-02-10 18:42:00,14,0,0,0,0,0.00,0.00,0.00,0.00,0.00,0.00,0.00,0.00,0.00,0.00,0.00,0.00,3.47,0.00,0.00,9195.19
2025-02-10 18:42:00,17,0,0,0,0,0.00,0.00,0.00,0.00,0.00,0.00,0.00,0.00,0.00,0.00,0.00,0.00,3.47,0.00,0.00,9193.25
2025-02-10 18:42:01,18,0,0,0,0,0.00,0.00,0.00,0.00,0.00,0.00,0.00,0.00,0.00,0.00,0.00,0.00,3.47,0.00,0.00,9165.56
2025-02-10 18:42:01,26,0,0,0,0,0.89,-1.98,-0.05,0.03,0.02,0.00,0.02,0.03,-0.03,0.00,0.02,40.99,3.47,0.00,0.00,9161.39
2025-02-10 18:42:01,27,0,0,0,0,-0.21,2.00,0.00,0.13,-0.08,0.00,0.02,0.00,-0.02,0.03,0.09,41.04,3.47,0.00,0.00,9151.52
2025-02-10 18:42:01,30,0,0,0,0,1.95,1.26,-0.02,-0.10,-0.11,0.00,0.03,-0.01,-0.02,-0.02,0.00,40.90,3.47,0.00,0.00,9150.38
2025-02-10 18:42:01,31,0,0,0,0,-1.06,-1.98,-0.01,0.12,0.18,-0.01,0.02,-0.03,-0.02,0.00,0.02,40.91,3.47,0.00,0.00,9140.66
2025-02-10 18:42:01,34,0,0,0,0,-1.27,-1.95,0.00,0.07,0.12,-0.01,0.01,-0.03,-0.02,0.00,0.00,40.86,3.47,0.00,0.00,9129.14
2025-02-10 18:42:01,38,0,0,0,0,-1.06,-1.98,-0.02,0.05,0.15,-0.01,0.02,-0.03,-0.01,0.07,0.01,40.90,3.47,0.00,0.00,9126.59
2025-02-10 18:42:01,39,0,0,0,0,-0.70,-1.99,0.01,0.02,0.13,-0.01,0.03,-0.02,-0.01,0.00,0.00,40.86,3.47,0.00,0.00,9124.34
2025-02-10 18:42:01,40,0,0,0,0,0.53,-1.98,0.00,-0.03,0.07,-0.01,0.04,-0.02,-0.01,-0.01,0.00,40.93,3.47,0.00,0.00,9121.48
2025-02-10 18:42:01,41,0,0,0,0,1.59,1.72,0.02,-0.13,-0.10,-0.02,0.02,-0.03,-0.02,0.00,-0.02,40.95,3.47,0.00,0.00,9113.58
2025-02-10 18:42:02,44,0,0,0,0,-0.22,2.01,0.04,-0.03,0.02,-0.02,0.00,-0.01,-0.03,0.07,-0.02,41.06,3.47,0.00,0.00,9106.05
2025-02-10 18:42:02,47,0,0,0,0,-1.14,-1.98,0.01,0.15,0.15,-0.02,0.02,-0.03,-0.04,0.00,0.05,41.04,3.47,0.00,0.00,9104.37
2025-02-10 18:42:02,48,0,0,0,0,-2.00,-1.17,0.02,0.10,0.11,-0.02,0.03,-0.02,-0.04,0.07,0.07,41.00,3.47,0.00,0.00,9102.15
2025-02-10 18:42:02,49,0,0,0,0,-1.89,-1.39,0.00,0.21,0.05,-0.03,0.02,-0.01,-0.04,-0.01,0.07,41.04,3.47,0.00,0.00,9099.88
2025-02-10 18:42:02,50,0,0,0,0,2.00,-0.10,0.00,-0.18,-0.02,-0.03,0.02,-0.01,-0.03,-0.01,-0.01,40.90,3.47,0.00,0.00,9093.12
2025-02-10 18:42:02,53,0,0,0,0,0.62,1.99,-0.01,-0.01,-0.07,-0.03,0.03,0.00,-0.02,0.00,0.00,40.99,3.47,0.00,0.00,9091.51
2025-02-10 18:42:02,54,0,0,0,0,1.62,1.65,0.01,-0.07,-0.05,-0.03,0.02,-0.02,-0.02,0.02,0.01,40.97,3.47,0.00,0.00,9089.54
2025-02-10 18:42:03,55,0,0,0,0,0.56,2.00,0.04,-0.02,-0.09,-0.03,0.03,-0.02,-0.04,0.00,0.00,40.99,3.47,0.00,0.00,9063.93
2025-02-10 18:42:03,71,0,0,0,0,1.03,-1.99,-0.01,0.01,0.08,-0.04,0.05,-0.01,-0.02,0.01,0.02,40.95,3.47,0.00,0.00,9063.51
2025-02-10 18:42:03,72,0,0,0,0,-1.97,1.17,0.00,0.04,0.03,-0.05,0.03,0.00,-0.02,0.03,0.00,40.93,3.47,0.00,0.00,9057.97
2025-02-10 18:42:03,77,0,0,0,0,-0.94,2.01,0.02,0.04,-0.24,-0.05,0.00,-0.03,-0.02,-0.05,-0.01,40.84,3.47,0.00,0.00,9057.71
2025-02-10 18:42:03,78,0,0,0,0,-1.58,-1.71,0.00,0.15,0.08,-0.05,0.01,-0.02,-0.02,0.00,0.05,41.02,3.47,0.00,0.00,9057.17
2025-02-10 18:42:03,79,0,0,0,0,-1.99,0.39,0.00,0.15,0.03,-0.05,0.01,-0.01,-0.02,0.02,0.07,41.02,3.47,0.00,0.00,9056.43
2025-02-10 18:42:03,80,0,0,0,0,-2.00,-0.26,0.01,0.15,0.04,-0.05,0.02,-0.01,-0.03,0.01,0.00,41.00,3.47,0.00,0.00,9055.72
2025-02-10 18:42:03,81,0,0,0,0,-2.00,-1.22,0.01,0.21,0.12,-0.05,0.02,-0.03,-0.04,0.02,0.05,40.91,3.47,0.00,0.00,9051.97
2025-02-10 18:42:03,89,0,0,0,0,-0.70,1.99,0.00,0.00,-0.29,-0.06,0.00,0.00,-0.02,-0.07,-0.03,40.97,3.47,0.00,0.00,9051.89
2025-02-10 18:42:03,90,0,0,0,0,-1.73,1.52,-0.02,0.06,0.02,-0.06,0.01,-0.01,0.00,0.05,0.00,40.90,3.47,0.00,0.00,9051.72
2025-02-10 18:42:03,91,0,0,0,0,1.99,-0.86,0.00,-0.16,0.08,-0.06,0.01,0.00,-0.02,0.00,0.00,40.93,3.47,0.00,0.00,9051.60
2025-02-10 18:42:03,92,0,0,0,0,1.65,1.70,0.01,-0.16,-0.25,-0.07,0.01,-0.02,-0.02,-0.07,0.00,40.90,3.47,0.00,0.00,9051.52
2025-02-10 18:42:03,93,0,0,0,0,0.06,-1.99,0.00,0.02,0.21,-0.07,0.01,-0.02,-0.02,0.07,0.01,40.93,3.47,0.00,0.00,9051.50
2025-02-10 18:42:04,94,0,0,0,0,-0.08,-1.98,0.00,0.02,0.01,-0.07,0.02,-0.01,-0.02,0.00,0.01,41.02,3.47,0.00,0.00,9051.52
2025-02-10 18:42:04,95,0,0,0,0,1.98,0.60,-0.01,-0.03,-0.01,-0.07,0.05,-0.01,0.00,0.01,0.07,40.95,3.47,0.00,0.00,9051.87
2025-02-10 18:42:04,97,0,0,0,0,0.91,2.00,0.00,0.01,-0.13,-0.07,0.02,-0.02,-0.01,-0.03,0.03,41.08,3.47,0.00,0.00,9065.30
2025-02-10 18:42:04,117,0,0,0,0,-1.98,0.54,-0.03,0.08,-0.01,-0.08,0.00,-0.01,0.00,0.00,0.05,40.88,3.47,0.00,0.00,9065.80
2025-02-10 18:42:05,118,0,0,0,0,-2.01,-0.82,0.01,0.05,-0.05,-0.08,0.02,-0.01,-0.02,-0.05,0.00,40.93,3.47,0.00,0.00,9069.82
2025-02-10 18:42:05,121,0,0,0,0,-2.00,-0.99,-0.02,0.12,0.09,-0.09,0.01,-0.04,-0.02,0.01,-0.01,40.86,3.47,0.00,0.00,9071.12
2025-02-10 18:42:05,122,0,0,0,0,-1.14,-2.00,0.01,0.12,0.06,-0.09,0.02,-0.02,-0.02,0.00,0.07,40.93,3.47,0.00,0.00,9072.44
2025-02-10 18:42:05,123,0,0,0,0,-0.56,2.01,0.00,0.03,-0.02,-0.09,0.03,-0.03,-0.02,0.00,0.01,40.97,3.47,0.00,0.00,9082.06
2025-02-10 18:42:05,129,0,0,0,0,-1.30,-1.90,0.01,0.08,0.00,-0.09,0.02,-0.03,-0.02,-0.05,0.01,40.93,3.47,0.00,0.00,9083.65
2025-02-10 18:42:05,130,0,0,0,0,1.57,1.64,0.00,0.00,0.02,-0.09,0.03,-0.02,-0.01,0.05,0.03,40.91,3.47,0.00,0.00,9100.30
2025-02-10 18:42:05,138,0,0,0,0,-1.23,1.89,0.02,-0.03,0.09,-0.10,0.02,-0.02,-0.01,0.09,-0.03,41.02,3.47,0.00,0.00,9101.86
2025-02-10 18:42:06,139,0,0,0,0,0.54,-2.00,0.00,-0.03,0.09,-0.10,0.02,-0.01,-0.01,0.00,0.00,40.86,3.48,0.00,0.00,9129.88
2025-02-10 18:42:06,150,0,0,0,0,-1.84,-1.45,0.00,0.17,0.11,-0.11,0.01,-0.01,-0.02,0.00,0.03,41.00,3.47,0.00,0.00,9132.48
2025-02-10 18:42:06,151,0,0,0,0,-1.99,-0.32,0.00,0.15,-0.07,-0.11,0.02,-0.01,-0.01,-0.07,0.01,40.95,3.47,0.00,0.00,9135.20
2025-02-10 18:42:06,152,0,0,0,0,1.94,1.24,0.01,-0.03,-0.11,-0.11,0.03,-0.02,-0.02,-0.03,0.05,41.02,3.47,0.00,0.00,9144.70
2025-02-10 18:42:06,155,0,0,0,0,-1.14,2.01,0.00,-0.02,-0.10,-0.12,0.01,-0.03,-0.02,-0.05,-0.02,40.97,3.47,0.00,0.00,9147.15
2025-02-10 18:42:07,156,0,0,0,0,-2.00,-0.07,-0.01,0.16,0.08,-0.12,0.01,-0.02,-0.02,0.05,0.00,40.90,3.47,0.00,0.00,9195.42
2025-02-10 18:42:07,170,0,0,0,0,-1.32,1.87,-0.01,0.02,0.01,-0.13,0.04,-0.03,-0.05,0.02,0.00,40.95,3.47,0.00,0.00,9199.15
2025-02-10 18:42:07,171,0,0,0,0,-1.83,-1.21,0.02,0.00,-0.05,-0.13,0.00,-0.08,-0.04,0.00,0.05,40.68,3.47,0.00,0.00,9210.58
2025-02-10 18:42:07,173,0,0,0,0,-2.00,-0.81,-0.01,0.15,-0.10,-0.14,-0.04,-0.12,-0.02,-0.09,0.07,41.02,3.47,0.00,0.00,9212.08
2025-02-10 18:42:07,174,0,0,0,0,-1.36,1.88,0.03,0.04,-0.15,-0.14,0.00,-0.06,-0.04,0.00,-0.03,40.99,3.47,0.00,0.00,9224.50
2025-02-10 18:42:07,177,0,0,0,0,-1.51,1.72,0.01,0.02,0.03,-0.14,0.00,-0.04,-0.02,-0.03,0.07,40.93,3.47,0.00,0.00,9287.95
2025-02-10 18:42:07,191,0,0,0,0,1.69,-1.53,0.00,-0.03,0.00,-0.16,0.03,-0.04,-0.02,-0.03,0.00,40.93,3.47,0.00,0.00,9290.38
2025-02-10 18:42:08,192,0,0,0,0,-0.11,-2.00,0.00,-0.01,0.09,-0.16,0.03,-0.02,-0.02,-0.03,-0.01,40.88,3.47,0.00,0.00,9305.49
2025-02-10 18:42:08,195,0,0,0,0,-1.75,1.53,0.02,0.06,-0.08,-0.16,0.02,-0.01,-0.01,0.00,-0.02,40.91,3.47,0.00,0.00,9310.50
2025-02-10 18:42:08,196,0,0,0,0,2.00,0.25,0.00,-0.01,0.04,-0.16,0.01,-0.01,-0.02,0.02,0.00,40.77,3.47,0.00,0.00,9325.57
2025-02-10 18:42:08,198,0,0,0,0,1.98,-1.04,0.01,0.02,0.01,-0.16,0.00,0.00,0.00,-0.01,0.07,40.95,3.47,0.00,0.00,9404.05
2025-02-10 18:42:08,213,0,0,0,0,-1.99,-0.24,0.02,0.09,-0.03,-0.17,0.03,-0.03,0.00,-0.02,0.01,40.79,3.47,0.00,0.00,9409.85
2025-02-10 18:42:08,214,0,0,0,0,0.85,-1.98,-0.01,-0.12,0.33,-0.17,0.03,-0.03,0.00,0.09,-0.02,40.91,3.48,0.00,0.00,9427.99
2025-02-10 18:42:08,216,0,0,0,0,-0.70,-1.99,-0.01,-0.06,0.01,-0.17,0.03,-0.03,0.00,-0.07,-0.07,41.02,3.47,0.00,0.00,9429.99
2025-02-10 18:42:08,217,0,0,0,0,1.68,1.56,0.02,-0.08,-0.02,-0.17,0.05,-0.02,0.00,0.01,-0.01,40.84,3.47,0.00,0.00,9434.14
2025-02-10 18:42:09,218,0,0,0,0,1.35,1.87,0.00,-0.01,-0.04,-0.17,0.03,-0.03,-0.02,0.00,0.00,40.99,3.47,0.00,0.00,9525.14
2025-02-10 18:42:09,231,0,0,0,0,-2.00,0.79,0.01,0.02,0.05,-0.18,0.02,-0.01,-0.01,0.05,-0.01,40.95,3.47,0.00,0.00,9527.37
2025-02-10 18:42:09,232,0,0,0,0,-1.74,-1.56,0.02,0.13,0.11,-0.18,0.02,-0.02,-0.01,0.01,0.01,40.93,3.47,0.00,0.00,9532.20
2025-02-10 18:42:09,233,0,0,0,0,-1.79,1.43,0.00,0.03,-0.04,-0.18,0.00,-0.02,-0.02,-0.01,0.00,40.90,3.47,0.00,0.00,9539.49
2025-02-10 18:42:09,234,0,0,0,0,-1.79,1.47,0.00,0.01,-0.09,-0.18,0.00,-0.01,-0.01,-0.02,-0.02,40.97,3.47,0.00,0.00,9599.31
2025-02-10 18:42:10,242,0,0,0,0,1.65,-1.62,0.00,-0.12,0.01,-0.18,0.02,-0.02,-0.02,-0.05,-0.01,40.84,3.48,0.00,0.00,9644.28
2025-02-10 18:42:10,248,0,0,0,0,1.98,-0.45,-0.02,-0.06,0.12,-0.19,0.02,-0.02,-0.02,0.05,0.09,40.95,3.47,0.00,0.00,9649.67
2025-02-10 18:42:10,249,0,0,0,0,-1.95,-1.26,-0.01,0.10,0.06,-0.19,0.02,-0.01,0.00,0.01,0.02,40.90,3.48,0.00,0.00,9657.02
2025-02-10 18:42:10,250,0,0,0,0,-0.48,2.01,0.04,-0.02,-0.27,-0.19,0.02,-0.03,-0.02,-0.05,-0.05,40.88,3.48,0.00,0.00,9724.00
2025-02-10 18:42:10,258,0,0,0,0,-1.45,1.76,0.00,-0.01,0.06,-0.19,0.02,-0.04,0.00,0.05,0.00,40.93,3.47,0.00,0.00,9729.13
2025-02-10 18:42:10,259,0,0,0,0,-0.58,2.00,-0.02,0.06,0.00,-0.19,0.01,-0.04,0.00,0.05,0.02,40.91,3.47,0.00,0.00,9800.65
2025-02-10 18:42:10,267,0,0,0,0,-0.02,-1.99,0.00,-0.12,0.15,-0.20,0.03,-0.01,-0.03,0.00,-0.09,40.97,3.47,0.00,0.00,9804.76
2025-02-10 18:42:11,268,0,0,0,0,-1.99,-0.27,0.00,0.14,-0.02,-0.20,0.03,-0.03,-0.02,-0.02,0.02,41.02,3.47,0.00,0.00,9856.04
2025-02-10 18:42:11,273,0,0,0,0,1.98,0.44,0.02,-0.08,0.11,-0.20,0.05,-0.03,-0.01,0.09,0.00,40.86,3.47,0.00,0.00,9859.17
2025-02-10 18:42:11,274,0,0,0,0,1.99,-0.30,0.00,-0.08,0.04,-0.21,0.04,-0.03,-0.01,0.01,0.03,41.00,3.48,0.00,0.00,9867.04
2025-02-10 18:42:11,275,0,0,0,0,1.98,1.20,-0.01,0.00,-0.08,-0.21,0.02,-0.02,-0.02,-0.02,0.05,40.97,3.47,0.00,0.00,9876.07
2025-02-10 18:42:11,276,0,0,0,0,-1.79,1.47,0.00,0.01,-0.05,-0.21,0.02,-0.03,0.00,-0.01,0.00,40.90,3.48,0.00,0.00,9904.86
2025-02-10 18:42:11,279,0,0,0,0,1.28,1.92,0.01,-0.08,-0.01,-0.21,0.03,-0.04,-0.01,0.02,-0.02,40.81,3.47,0.00,0.00,10039.71
2025-02-10 18:42:11,293,0,0,0,0,1.32,-1.93,-0.01,-0.15,0.11,-0.22,0.01,-0.03,-0.02,0.00,-0.05,40.93,3.47,0.00,0.00,10047.17
2025-02-10 18:42:12,294,0,0,0,0,-1.76,-1.53,0.00,0.07,0.14,-0.22,0.02,-0.02,-0.01,0.05,0.00,40.88,3.47,0.00,0.00,10222.50
2025-02-10 18:42:12,310,0,0,0,0,-1.88,1.37,0.01,0.08,-0.13,-0.24,0.03,-0.01,0.00,-0.05,0.00,40.91,3.48,0.00,0.00,10226.28
2025-02-10 18:42:13,311,0,0,0,0,-1.90,1.35,0.00,0.10,-0.02,-0.24,0.03,-0.02,0.00,0.05,-0.01,40.91,3.48,0.00,0.00,10353.01
2025-02-10 18:42:13,322,0,0,0,0,-2.01,0.22,0.02,0.07,0.11,-0.24,0.04,-0.02,-0.01,0.09,-0.05,40.93,3.47,0.00,0.00,10418.27
2025-02-10 18:42:13,328,0,0,0,0,1.16,-1.98,0.00,-0.10,0.09,-0.25,0.01,-0.02,-0.01,-0.05,0.00,40.90,3.48,0.00,0.00,10425.87
2025-02-10 18:42:13,329,0,0,0,0,0.08,2.00,0.01,0.07,-0.20,-0.25,0.01,-0.02,-0.01,0.00,0.05,40.97,3.47,0.00,0.00,10496.33
2025-02-10 18:42:13,334,0,0,0,0,-1.99,0.12,0.00,0.15,0.08,-0.25,0.03,-0.01,-0.02,0.07,-0.01,40.95,3.47,0.00,0.00,10501.43
2025-02-10 18:42:13,335,0,0,0,0,-1.24,2.00,-0.02,0.00,-0.19,-0.25,0.03,-0.01,-0.02,-0.03,-0.05,40.88,3.48,0.00,0.00,10605.56
2025-02-10 18:42:14,343,0,0,0,0,1.98,-0.41,0.02,-0.18,0.07,-0.26,0.05,-0.01,-0.01,0.02,0.00,40.93,3.47,0.00,0.00,10611.16
2025-02-10 18:42:14,344,0,0,0,0,-2.00,0.26,0.01,0.09,-0.06,-0.26,0.05,-0.01,-0.03,-0.03,0.02,40.90,3.47,0.00,0.00,10619.89
2025-02-10 18:42:14,345,0,0,0,0,1.10,-1.99,0.00,-0.09,0.00,-0.26,0.05,-0.01,-0.02,-0.02,-0.05,40.90,3.48,0.00,0.00,10761.84
2025-02-10 18:42:14,356,0,0,0,0,-1.99,1.05,0.00,0.15,0.01,-0.27,0.03,-0.04,-0.01,0.07,0.00,40.93,3.47,0.00,0.00,10773.60
2025-02-10 18:42:14,357,0,0,0,0,-1.20,2.00,-0.01,0.06,-0.13,-0.27,0.03,-0.03,0.00,0.02,-0.02,40.97,3.48,0.00,0.00,10786.06
2025-02-10 18:42:14,358,0,0,0,0,1.50,-1.78,0.00,-0.08,0.14,-0.27,0.03,-0.02,0.00,0.01,0.00,40.79,3.48,0.00,0.00,10799.22
2025-02-10 18:42:14,359,0,0,0,0,-0.85,-1.99,0.02,-0.01,0.00,-0.27,0.02,-0.01,-0.01,-0.05,-0.02,40.91,3.47,0.00,0.00,10812.43
2025-02-10 18:42:14,360,0,0,0,0,-0.72,-1.98,0.03,-0.02,0.12,-0.27,0.01,-0.02,-0.02,0.09,-0.01,40.88,3.48,0.00,0.00,10854.38
2025-02-10 18:42:14,363,0,0,0,0,0.62,2.01,0.01,0.01,-0.08,-0.27,0.00,-0.03,-0.01,0.00,0.02,40.86,3.48,0.00,0.00,10865.86
2025-02-10 18:42:14,364,0,0,0,0,1.99,1.14,0.00,-0.07,0.00,-0.27,0.00,-0.02,-0.03,0.00,-0.03,41.02,3.48,0.00,0.00,10907.42
2025-02-10 18:42:15,367,0,0,0,0,1.98,-0.78,0.00,-0.04,0.07,-0.28,0.01,-0.01,-0.02,0.03,0.00,40.88,3.47,0.00,0.00,11104.21
2025-02-10 18:42:15,381,0,0,0,0,-0.69,-1.98,-0.01,0.03,0.07,-0.29,0.01,-0.03,0.00,-0.05,0.00,40.97,3.48,0.00,0.00,11115.66
2025-02-10 18:42:15,382,0,0,0,0,-2.01,0.86,0.02,0.12,-0.10,-0.29,0.02,-0.03,0.00,-0.05,0.05,41.04,3.47,0.00,0.00,11130.02
2025-02-10 18:42:15,383,0,0,0,0,2.00,0.61,0.00,-0.02,0.07,-0.29,0.02,-0.04,-0.01,0.03,-0.05,40.90,3.47,0.00,0.00,11145.51
2025-02-10 18:42:15,384,0,0,0,0,-0.70,2.00,0.00,0.03,-0.05,-0.29,0.03,-0.03,0.00,0.05,0.00,40.95,3.48,0.00,0.00,11189.41
2025-02-10 18:42:15,387,0,0,0,0,1.56,-1.66,0.00,-0.02,-0.06,-0.29,0.00,-0.01,-0.02,-0.01,-0.03,41.04,3.47,0.00,0.00,11204.02
2025-02-10 18:42:15,388,0,0,0,0,-1.99,-0.52,0.02,0.02,0.04,-0.29,0.00,-0.01,-0.02,0.01,-0.05,40.90,3.48,0.00,0.00,11251.40
2025-02-10 18:42:16,391,0,0,0,0,1.98,-0.60,-0.02,-0.28,0.06,-0.30,0.01,-0.02,-0.03,0.00,-0.07,40.86,3.47,0.00,0.00,11297.88
2025-02-10 18:42:16,394,0,0,0,0,-1.79,-1.55,-0.02,0.18,0.20,-0.30,0.03,-0.02,-0.01,0.10,0.09,40.90,3.48,0.00,0.00,11306.11
2025-02-10 18:42:16,395,0,0,0,0,1.98,-0.18,0.00,-0.24,0.06,-0.30,0.03,-0.02,0.00,0.03,-0.05,40.97,3.47,0.00,0.00,11321.11
2025-02-10 18:42:16,396,0,0,0,0,-1.73,-1.58,0.03,0.18,0.06,-0.30,0.03,-0.01,-0.02,-0.01,0.05,41.00,3.47,0.00,0.00,11336.17
2025-02-10 18:42:16,397,0,0,0,0,0.15,-1.98,0.00,0.00,0.27,-0.30,0.02,-0.02,-0.02,0.09,0.00,41.02,3.48,0.00,0.00,11381.25
2025-02-10 18:42:16,399,0,0,0,0,1.66,-1.66,-0.01,-0.08,0.20,-0.30,0.03,-0.02,-0.01,0.03,0.05,41.18,3.48,0.00,0.00,11427.87
2025-02-10 18:42:16,403,0,0,0,0,2.00,0.98,0.02,-0.02,-0.06,-0.31,0.02,-0.01,-0.04,-0.05,-0.02,40.90,3.48,0.00,0.00,11442.89
2025-02-10 18:42:16,404,0,0,0,0,-1.99,-0.17,0.00,0.07,-0.07,-0.31,0.02,-0.01,-0.03,-0.05,0.00,41.00,3.48,0.00,0.00,11457.96
2025-02-10 18:42:16,405,0,0,0,0,2.00,-0.79,0.01,0.03,0.12,-0.31,0.01,0.00,-0.03,0.10,0.00,40.99,3.48,0.00,0.00,11474.24
2025-02-10 18:42:16,406,0,0,0,0,-1.20,1.93,0.00,0.00,0.08,-0.31,0.03,-0.01,-0.01,0.07,0.00,41.00,3.48,0.00,0.00,11568.71
2025-02-10 18:42:16,412,0,0,0,0,2.00,0.17,0.04,-0.14,0.02,-0.32,0.02,-0.03,-0.03,0.02,0.01,41.02,3.48,0.00,0.00,11583.77
2025-02-10 18:42:16,413,0,0,0,0,1.94,1.32,0.01,-0.19,-0.06,-0.32,0.01,-0.01,-0.03,0.00,-0.07,40.90,3.47,0.00,0.00,11599.68
2025-02-10 18:42:16,414,0,0,0,0,1.99,1.13,-0.02,-0.13,-0.13,-0.32,0.03,0.00,-0.02,-0.05,-0.02,41.06,3.48,0.00,0.00,11649.77
2025-02-10 18:42:16,417,0,0,0,0,-2.01,-0.99,0.00,0.13,0.12,-0.32,0.03,0.00,-0.01,0.02,-0.02,40.88,3.48,0.00,0.00,11663.46
2025-02-10 18:42:17,418,0,0,0,0,1.66,1.60,-0.02,-0.15,0.01,-0.32,0.04,0.01,0.00,0.10,-0.01,40.84,3.47,0.00,0.00,11849.24
2025-02-10 18:42:17,429,0,0,0,0,0.16,-1.99,0.00,0.00,0.26,-0.33,0.00,-0.01,-0.03,0.10,0.00,41.02,3.48,0.00,0.00,11861.35
2025-02-10 18:42:17,430,0,0,0,0,1.84,1.48,0.00,-0.20,-0.18,-0.33,0.00,-0.01,-0.03,-0.07,-0.07,40.91,3.48,0.00,0.00,11877.68
2025-02-10 18:42:17,431,0,0,0,0,-1.99,1.24,0.01,0.15,-0.01,-0.33,0.00,-0.02,-0.03,0.03,0.02,40.95,3.47,0.00,0.00,11894.48
2025-02-10 18:42:17,432,0,0,0,0,1.09,-1.99,0.00,0.04,0.00,-0.33,0.02,-0.03,-0.02,0.00,0.02,40.95,3.49,0.00,0.00,12044.02
2025-02-10 18:42:17,440,0,0,0,0,1.20,1.94,0.01,-0.02,0.07,-0.34,0.00,-0.01,-0.02,0.07,0.00,40.86,3.47,0.00,0.00,12051.39
2025-02-10 18:42:18,441,0,0,0,0,-0.23,-2.00,0.00,-0.04,0.17,-0.34,0.01,0.00,-0.01,0.05,-0.03,40.90,3.48,0.00,0.00,12154.21
2025-02-10 18:42:18,447,0,0,0,0,2.00,0.13,0.03,-0.15,0.08,-0.34,0.00,-0.02,-0.03,0.07,0.01,40.84,3.48,0.00,0.00,12170.05
2025-02-10 18:42:18,448,0,0,0,0,-2.01,-0.21,-0.03,0.10,0.03,-0.35,0.01,-0.01,-0.02,0.01,0.02,40.93,3.48,0.00,0.00,12416.98
2025-02-10 18:42:19,449,0,0,0,0,0.37,-2.00,0.03,0.03,0.08,-0.35,0.04,-0.01,-0.03,0.05,0.02,40.84,3.48,0.00,0.00,12625.96
2025-02-10 18:42:19,473,0,0,0,0,1.68,-1.58,0.00,-0.07,0.10,-0.37,0.03,-0.01,-0.01,0.05,-0.02,40.93,3.47,0.00,0.00,12644.85
2025-02-10 18:42:19,474,0,0,0,0,1.54,1.79,-0.02,-0.19,-0.16,-0.37,0.04,-0.01,-0.01,-0.07,-0.10,40.88,3.48,0.00,0.00,12860.59
2025-02-10 18:42:19,485,0,0,0,0,1.98,-0.29,-0.01,-0.16,0.05,-0.38,0.04,-0.01,0.00,0.02,0.00,40.91,3.47,0.00,0.00,12875.70
2025-02-10 18:42:19,486,0,0,0,0,-2.01,0.13,0.01,0.09,0.00,-0.38,0.04,-0.01,-0.01,0.00,0.03,40.88,3.48,0.00,0.00,12895.23
2025-02-10 18:42:20,487,0,0,0,0,1.54,1.71,0.01,0.02,-0.08,-0.38,0.03,-0.01,-0.02,-0.02,0.05,40.93,3.48,0.00,0.00,13171.89
2025-02-10 18:42:20,500,0,0,0,0,-2.01,-0.58,0.00,0.10,-0.05,-0.40,0.01,-0.02,-0.03,-0.03,0.05,40.99,3.48,0.00,0.00,13180.00
2025-02-10 18:42:20,501,0,0,0,0,-1.99,0.10,0.00,0.08,0.00,-0.40,0.02,-0.02,-0.03,0.00,0.02,40.90,3.48,0.00,0.00,13195.22
2025-02-10 18:42:20,502,0,0,0,0,-0.92,2.01,0.01,0.05,-0.06,-0.40,0.02,-0.04,-0.03,0.00,0.01,40.97,3.48,0.00,0.00,13317.82
2025-02-10 18:42:20,507,0,0,0,0,1.99,1.16,-0.02,-0.17,-0.06,-0.40,0.01,0.00,-0.01,0.00,-0.03,40.83,3.47,0.00,0.00,13327.61
2025-02-10 18:42:20,508,0,0,0,0,-0.67,1.99,0.00,0.07,-0.16,-0.40,0.02,0.00,-0.02,0.00,0.01,40.91,3.48,0.00,0.00,13390.25
2025-02-10 18:42:21,511,0,0,0,0,-0.27,2.00,0.00,0.01,-0.05,-0.41,0.02,-0.02,-0.02,-0.01,0.00,41.02,3.48,0.00,0.00,13572.60
2025-02-10 18:42:21,519,0,0,0,0,-1.43,-1.83,0.00,0.00,0.13,-0.42,0.02,-0.02,-0.05,0.05,-0.02,41.06,3.48,0.00,0.00,13594.90
2025-02-10 18:42:21,521,0,0,0,0,-1.03,-1.97,0.02,0.04,0.16,-0.42,0.02,-0.04,-0.03,0.00,-0.02,40.95,3.48,0.00,0.00,13842.38
2025-02-10 18:42:21,532,0,0,0,0,0.49,2.01,0.01,0.00,-0.09,-0.42,0.03,-0.01,-0.02,0.00,0.00,40.88,3.48,0.00,0.00,13852.22
2025-02-10 18:42:21,533,0,0,0,0,-1.56,-1.67,0.00,0.00,0.03,-0.43,0.03,-0.02,-0.01,0.05,0.02,40.93,3.48,0.00,0.00,13919.68
2025-02-10 18:42:21,536,0,0,0,0,-0.47,-1.98,0.02,-0.02,0.09,-0.43,0.03,-0.02,0.00,-0.03,-0.03,40.95,3.48,0.00,0.00,14050.44
2025-02-10 18:42:21,542,0,0,0,0,-0.51,1.99,0.00,0.00,-0.04,-0.43,0.00,-0.01,-0.02,0.05,-0.01,41.00,3.48,0.00,0.00,14068.86
2025-02-10 18:42:21,543,0,0,0,0,-1.17,1.99,0.01,0.09,-0.03,-0.43,0.01,-0.01,-0.02,0.00,0.05,40.99,3.48,0.00,0.00,14091.23
2025-02-10 18:42:22,544,0,0,0,0,1.68,1.54,0.02,-0.01,-0.02,-0.43,0.03,-0.01,-0.02,0.02,0.03,40.97,3.47,0.00,0.00,14113.10
2025-02-10 18:42:22,545,0,0,0,0,-0.89,2.02,0.00,-0.02,0.01,-0.43,0.02,-0.02,-0.02,0.02,-0.02,41.04,3.47,0.00,0.00,14136.32
2025-02-10 18:42:22,546,0,0,0,0,0.55,-1.98,0.01,0.00,0.04,-0.44,0.03,-0.03,-0.03,0.02,0.00,40.90,3.48,0.00,0.00,14460.66
2025-02-10 18:42:22,560,0,0,0,0,2.00,-1.05,-0.02,0.04,0.01,-0.45,0.02,-0.01,-0.01,0.03,-0.01,40.90,3.47,0.00,0.00,14479.24
2025-02-10 18:42:22,561,0,0,0,0,-0.04,2.01,0.00,0.00,0.00,-0.45,0.02,-0.01,-0.01,0.00,0.00,40.90,3.48,0.00,0.00,14502.51
2025-02-10 18:42:22,562,0,0,0,0,-1.99,-0.12,0.00,0.03,0.00,-0.45,0.00,-0.02,0.00,0.00,-0.05,40.93,3.48,0.00,0.00,14645.55
2025-02-10 18:42:22,568,0,0,0,0,-1.24,1.96,0.00,0.01,-0.09,-0.45,0.02,-0.02,-0.02,-0.01,-0.01,40.95,3.48,0.00,0.00,14666.22
2025-02-10 18:42:23,569,0,0,0,0,-2.01,-0.53,0.00,0.05,0.03,-0.45,0.04,-0.02,-0.01,0.00,-0.01,40.91,3.47,0.00,0.00,14870.28
2025-02-10 18:42:23,577,0,0,0,0,-1.86,-1.37,0.00,0.09,-0.02,-0.46,0.01,0.00,-0.03,-0.05,0.00,40.97,3.48,0.00,0.00,15080.72
2025-02-10 18:42:23,586,0,0,0,0,-1.20,-1.95,0.00,0.03,0.02,-0.47,0.02,-0.01,-0.02,0.01,0.02,40.91,3.48,0.00,0.00,15100.34
2025-02-10 18:42:23,587,0,0,0,0,2.00,0.67,-0.02,0.00,0.04,-0.47,0.02,-0.03,-0.03,0.02,0.00,40.93,3.48,0.00,0.00,15244.76
2025-02-10 18:42:23,592,0,0,0,0,1.98,0.01,0.01,-0.15,-0.13,-0.48,0.03,-0.02,-0.02,-0.10,-0.03,40.81,3.47,0.00,0.00,15255.31
2025-02-10 18:42:23,593,0,0,0,0,-0.04,-2.01,0.01,0.04,0.21,-0.48,0.03,0.00,-0.02,0.09,0.02,40.95,3.47,0.00,0.00,15273.97
2025-02-10 18:42:24,594,0,0,0,0,1.88,1.43,0.00,-0.21,-0.12,-0.48,0.03,-0.01,-0.02,-0.05,-0.11,40.90,3.47,0.00,0.00,15352.22
2025-02-10 18:42:24,597,0,0,0,0,0.79,-1.99,0.00,-0.04,0.14,-0.48,0.02,-0.01,-0.01,0.03,0.00,40.99,3.48,0.00,0.00,15571.38
2025-02-10 18:42:24,605,0,0,0,0,1.98,0.24,0.03,-0.18,0.07,-0.49,0.05,-0.01,-0.03,0.07,0.00,40.90,3.48,0.00,0.00,15581.57
2025-02-10 18:42:24,606,0,0,0,0,0.17,2.01,0.01,-0.12,-0.13,-0.49,0.06,-0.02,-0.05,-0.07,-0.09,40.90,3.48,0.00,0.00,15601.35
2025-02-10 18:42:24,607,0,0,0,0,1.21,1.97,0.02,-0.09,-0.10,-0.49,0.04,-0.03,-0.06,0.01,0.00,40.91,3.47,0.00,0.00,15680.65
2025-02-10 18:42:24,610,0,0,0,0,1.25,1.95,0.01,-0.05,-0.06,-0.50,0.00,-0.01,-0.01,-0.02,-0.02,40.93,3.48,0.00,0.00,15703.15
2025-02-10 18:42:24,611,0,0,0,0,-2.01,-0.46,0.01,0.08,0.00,-0.50,0.02,0.00,-0.02,0.00,0.01,40.93,3.47,0.00,0.00,15729.55
2025-02-10 18:42:24,612,0,0,0,0,-1.50,1.76,0.00,0.10,-0.01,-0.50,0.01,-0.02,-0.01,0.05,0.01,40.97,3.48,0.00,0.00,15755.36
2025-02-10 18:42:24,613,0,0,0,0,-0.96,-2.00,0.00,0.09,0.30,-0.50,0.00,-0.02,-0.01,0.09,0.00,40.77,3.47,0.00,0.00,15831.80
2025-02-10 18:42:24,615,0,0,0,0,1.67,-1.53,0.03,-0.03,0.00,-0.50,0.02,-0.01,-0.03,-0.01,0.00,40.91,3.48,0.00,0.00,15842.84
2025-02-10 18:42:25,616,0,0,0,0,-2.01,-0.79,0.00,0.02,0.05,-0.51,0.03,0.00,-0.02,0.03,0.00,40.90,3.48,0.00,0.00,15923.04
2025-02-10 18:42:25,619,0,0,0,0,1.99,-0.84,0.01,-0.04,-0.03,-0.51,0.04,-0.02,-0.03,-0.07,0.09,40.95,3.48,0.00,0.00,15937.43
2025-02-10 18:42:25,620,0,0,0,0,2.00,-0.27,0.00,-0.15,0.09,-0.51,0.01,-0.02,-0.03,0.05,-0.05,40.95,3.48,0.00,0.00,16162.54
2025-02-10 18:42:25,628,0,0,0,0,-0.75,1.98,0.00,0.00,-0.09,-0.52,0.01,-0.02,-0.03,0.00,-0.02,40.99,3.47,0.00,0.00,16317.71
2025-02-10 18:42:25,634,0,0,0,0,-0.90,-1.98,0.00,0.18,0.06,-0.53,0.03,-0.02,-0.02,0.00,0.10,40.84,3.47,0.00,0.00,16337.22
2025-02-10 18:42:25,635,0,0,0,0,-1.99,0.33,0.00,0.04,-0.09,-0.53,0.03,-0.02,-0.01,-0.07,0.05,40.97,3.47,0.00,0.00,16421.26
2025-02-10 18:42:25,638,0,0,0,0,-2.01,-0.76,0.02,0.12,0.05,-0.53,0.02,-0.02,-0.03,0.00,-0.02,40.93,3.47,0.00,0.00,16443.62
2025-02-10 18:42:25,639,0,0,0,0,1.17,2.00,-0.02,-0.02,-0.11,-0.53,0.05,-0.02,-0.01,0.02,0.05,40.91,3.48,0.00,0.00,16528.65
2025-02-10 18:42:25,642,0,0,0,0,-1.81,-1.53,0.01,0.16,0.23,-0.54,0.02,-0.02,-0.03,0.10,0.03,40.93,3.48,0.00,0.00,16561.43
2025-02-10 18:42:26,643,0,0,0,0,-2.01,0.40,0.00,0.09,0.00,-0.54,0.03,-0.01,-0.02,0.01,-0.01,40.86,3.48,0.00,0.00,16720.64
2025-02-10 18:42:26,649,0,0,0,0,1.03,-1.98,0.02,0.07,0.14,-0.54,0.02,-0.04,-0.03,0.05,0.07,40.91,3.47,0.00,0.00,16744.84
2025-02-10 18:42:26,650,0,0,0,0,1.99,0.22,0.00,-0.06,0.08,-0.54,0.02,-0.04,-0.02,0.07,0.01,40.88,3.47,0.00,0.00,16981.19
2025-02-10 18:42:27,658,0,0,0,0,1.98,0.75,0.00,-0.15,-0.04,-0.55,0.03,0.00,-0.02,0.00,-0.05,40.88,3.48,0.00,0.00,17542.78
2025-02-10 18:42:27,678,0,0,0,0,1.27,1.92,0.01,-0.01,-0.07,-0.57,0.03,-0.02,-0.04,-0.01,0.00,41.08,3.47,0.00,0.00,17568.24
2025-02-10 18:42:27,679,0,0,0,0,-0.01,-1.99,0.00,-0.06,0.03,-0.57,0.04,-0.02,-0.03,0.00,-0.05,40.95,3.47,0.00,0.00,17597.38
2025-02-10 18:42:27,680,0,0,0,0,-0.36,-1.98,-0.02,-0.10,0.24,-0.57,0.03,-0.02,-0.04,0.10,-0.09,40.95,3.48,0.00,0.00,17684.38
2025-02-10 18:42:27,682,0,0,0,0,-1.01,2.00,0.00,0.10,-0.10,-0.57,0.03,-0.02,-0.02,0.00,0.03,40.97,3.48,0.00,0.00,17689.51
2025-02-10 18:42:27,683,0,0,0,0,-2.00,-1.26,0.00,0.19,0.11,-0.58,0.04,-0.02,-0.03,0.01,0.03,40.90,3.47,0.00,0.00,17714.46
2025-02-10 18:42:27,684,0,0,0,0,0.98,-2.00,0.02,-0.16,0.18,-0.58,0.03,0.00,-0.03,0.05,-0.07,40.86,3.48,0.00,0.00,17886.66
2025-02-10 18:42:27,689,0,0,0,0,1.35,1.88,0.00,-0.10,-0.09,-0.58,0.01,-0.01,-0.02,0.03,0.00,40.95,3.48,0.00,0.00,17897.04
2025-02-10 18:42:28,690,0,0,0,0,-0.30,-2.00,0.00,0.10,0.14,-0.58,0.01,0.00,-0.02,0.00,0.05,40.93,3.48,0.00,0.00,18323.21
2025-02-10 18:42:28,704,0,0,0,0,1.39,-1.80,0.00,0.00,0.01,-0.60,0.03,-0.01,-0.02,0.02,0.00,41.00,3.48,0.00,0.00,18342.20
2025-02-10 18:42:28,705,0,0,0,0,-0.70,2.00,0.00,0.06,0.04,-0.60,0.03,-0.01,-0.02,0.05,0.03,40.93,3.47,0.00,0.00,18372.64
2025-02-10 18:42:28,706,0,0,0,0,-1.99,0.36,0.00,0.09,-0.03,-0.60,0.02,-0.01,-0.03,0.00,-0.02,40.93,3.47,0.00,0.00,18722.43
2025-02-10 18:42:28,717,0,0,0,0,-1.96,1.30,0.00,0.20,-0.03,-0.61,0.04,-0.02,-0.02,0.05,0.03,40.86,3.48,0.00,0.00,18757.37
2025-02-10 18:42:29,718,0,0,0,0,-0.24,1.99,0.00,0.00,-0.17,-0.61,0.04,-0.03,-0.02,-0.01,0.00,41.00,3.48,0.00,0.00,19022.68
2025-02-10 18:42:29,726,0,0,0,0,-1.71,-1.62,0.00,0.15,0.15,-0.62,0.04,-0.02,-0.04,0.00,0.00,40.95,3.48,0.00,0.00,19033.71
2025-02-10 18:42:29,727,0,0,0,0,2.00,-0.36,0.01,-0.23,0.00,-0.62,0.04,-0.01,-0.03,-0.01,-0.07,40.81,3.48,0.00,0.00,19218.98
2025-02-10 18:42:29,733,0,0,0,0,0.57,-1.98,0.00,-0.02,0.17,-0.63,0.04,0.00,-0.01,0.01,0.00,40.95,3.48,0.00,0.00,19245.24
2025-02-10 18:42:29,734,0,0,0,0,-1.06,-2.00,0.02,0.09,0.15,-0.63,0.04,0.00,-0.01,0.02,0.02,40.91,3.48,0.00,0.00,19277.12
2025-02-10 18:42:29,735,0,0,0,0,1.25,-1.95,0.01,-0.02,0.06,-0.63,0.04,0.00,-0.01,0.00,0.00,40.90,3.48,0.00,0.00,19309.05
2025-02-10 18:42:29,736,0,0,0,0,-1.78,-1.49,0.01,0.01,0.14,-0.63,0.04,-0.02,-0.02,0.07,-0.02,41.00,3.48,0.00,0.00,19497.94
2025-02-10 18:42:29,741,0,0,0,0,1.08,-1.98,0.00,0.05,0.10,-0.64,0.03,-0.04,-0.02,0.00,0.09,40.88,3.47,0.00,0.00,19510.04
2025-02-10 18:42:30,742,0,0,0,0,-1.58,1.68,0.00,0.05,-0.01,-0.64,0.03,-0.02,-0.02,0.00,0.02,40.91,3.47,0.00,0.00,20338.54
2025-02-10 18:42:30,767,0,0,0,0,0.72,2.01,0.02,-0.17,-0.03,-0.66,0.11,-0.04,-0.02,0.00,-0.10,41.25,3.47,0.00,0.00,20356.98
2025-02-10 18:42:30,768,0,0,0,0,-2.02,-0.47,0.01,0.02,0.01,-0.66,0.14,-0.02,-0.02,0.00,0.01,41.00,3.48,0.00,0.00,20390.56
2025-02-10 18:42:31,769,0,0,0,0,0.87,-2.00,0.02,-0.12,0.09,-0.66,0.09,0.00,-0.04,0.01,-0.07,40.81,3.48,0.00,0.00,20696.83
2025-02-10 18:42:31,778,0,0,0,0,-2.01,0.76,0.02,-0.03,0.12,-0.67,0.01,-0.03,-0.02,0.10,-0.05,40.86,3.47,0.00,0.00,20729.20
2025-02-10 18:42:31,779,0,0,0,0,-1.71,-1.48,0.00,-0.07,0.02,-0.67,0.02,-0.03,-0.02,0.00,-0.07,40.91,3.48,0.00,0.00,20831.71
2025-02-10 18:42:31,781,0,0,0,0,-0.23,2.00,0.03,0.02,-0.02,-0.67,0.02,-0.02,-0.02,0.07,0.00,40.86,3.48,0.00,0.00,20847.99
2025-02-10 18:42:31,782,0,0,0,0,1.53,-1.73,0.00,-0.05,0.10,-0.67,0.03,-0.02,-0.02,0.01,0.00,40.91,3.47,0.00,0.00,20982.87
2025-02-10 18:42:31,786,0,0,0,0,1.99,1.03,0.00,-0.01,-0.03,-0.68,0.03,-0.01,-0.03,0.00,0.05,40.97,3.48,0.00,0.00,21022.54
2025-02-10 18:42:31,787,0,0,0,0,2.00,-0.43,0.00,-0.06,0.02,-0.68,0.02,-0.03,-0.01,0.01,-0.07,40.93,3.48,0.00,0.00,21038.08
2025-02-10 18:42:32,788,0,0,0,0,-2.00,0.65,0.01,0.05,0.00,-0.68,0.03,-0.02,-0.01,0.00,0.01,40.88,3.48,0.00,0.00,21333.12
2025-02-10 18:42:32,796,0,0,0,0,-0.68,2.01,-0.01,0.04,0.01,-0.69,0.01,-0.02,-0.03,0.07,0.00,40.97,3.48,0.00,0.00,21351.48
2025-02-10 18:42:32,797,0,0,0,0,0.01,2.00,-0.01,-0.04,-0.12,-0.69,0.02,-0.01,-0.01,-0.01,-0.02,40.88,3.48,0.00,0.00,21457.56
2025-02-10 18:42:32,800,0,0,0,0,0.48,2.01,0.00,-0.10,-0.09,-0.69,0.01,0.00,0.00,0.03,-0.05,40.93,3.48,0.00,0.00,21491.85
2025-02-10 18:42:32,801,0,0,0,0,-1.27,1.87,0.00,-0.05,0.06,-0.69,0.03,0.00,0.00,0.02,-0.02,41.00,3.47,0.00,0.00,21526.76
2025-02-10 18:42:32,802,0,0,0,0,-1.11,-1.98,0.00,0.05,0.08,-0.69,0.04,-0.02,0.00,-0.02,0.00,40.97,3.48,0.00,0.00,21561.74
2025-02-10 18:42:32,803,0,0,0,0,1.97,-1.10,0.01,-0.08,0.10,-0.69,0.05,-0.01,-0.01,0.05,-0.01,40.88,3.48,0.00,0.00,21596.98
2025-02-10 18:42:32,804,0,0,0,0,-1.20,-2.00,0.02,0.03,0.17,-0.69,0.06,-0.01,-0.03,0.09,0.00,40.90,3.48,0.00,0.00,21806.34
2025-02-10 18:42:32,809,0,0,0,0,1.21,1.95,0.02,-0.05,-0.05,-0.69,0.04,-0.01,-0.02,0.03,0.00,40.91,3.47,0.00,0.00,21820.60
2025-02-10 18:42:32,810,0,0,0,0,1.82,1.43,0.00,-0.04,-0.18,-0.70,0.05,-0.01,-0.01,-0.05,0.05,40.93,3.48,0.00,0.00,21933.15
2025-02-10 18:42:32,813,0,0,0,0,0.91,1.99,0.00,-0.03,-0.02,-0.70,0.06,-0.02,-0.01,0.05,0.00,41.06,3.47,0.00,0.00,22040.60
2025-02-10 18:42:32,816,0,0,0,0,-1.98,1.19,0.01,0.05,-0.01,-0.70,0.03,-0.01,-0.04,0.00,0.01,40.84,3.47,0.00,0.00,22061.29
2025-02-10 18:42:33,817,0,0,0,0,-2.00,-1.17,0.01,0.27,0.07,-0.70,0.03,-0.03,-0.02,0.00,0.09,41.00,3.47,0.00,0.00,22173.09
2025-02-10 18:42:33,820,0,0,0,0,-0.55,2.00,0.00,-0.09,-0.13,-0.71,0.06,-0.03,-0.03,0.01,-0.10,40.90,3.47,0.00,0.00,22204.73
2025-02-10 18:42:33,821,0,0,0,0,1.98,-1.00,-0.03,-0.11,-0.03,-0.71,0.05,-0.02,-0.01,-0.03,-0.05,40.97,3.48,0.00,0.00,22716.51
2025-02-10 18:42:33,834,0,0,0,0,-0.66,2.01,0.00,-0.05,-0.18,-0.71,0.05,-0.03,0.00,0.00,-0.07,40.90,3.47,0.00,0.00,22730.35
2025-02-10 18:42:33,835,0,0,0,0,1.98,1.24,0.03,-0.22,-0.04,-0.72,0.03,-0.02,-0.02,0.03,-0.05,40.86,3.47,0.00,0.00,22847.77
2025-02-10 18:42:33,838,0,0,0,0,-1.06,2.01,0.01,0.15,-0.08,-0.72,0.03,-0.02,-0.01,0.05,0.05,40.97,3.48,0.00,0.00,22864.45
2025-02-10 18:42:33,839,0,0,0,0,1.98,-1.03,0.00,-0.15,0.08,-0.72,0.04,-0.02,-0.03,0.00,0.01,40.97,3.48,0.00,0.00,22981.18
2025-02-10 18:42:34,842,0,0,0,0,0.55,1.99,0.00,0.00,0.00,-0.72,0.04,-0.03,-0.04,0.03,0.00,40.90,3.48,0.00,0.00,23301.40
2025-02-10 18:42:34,850,0,0,0,0,-1.56,-1.75,0.00,0.08,0.20,-0.74,0.03,-0.02,-0.03,0.09,0.00,41.00,3.48,0.00,0.00,23315.53
2025-02-10 18:42:34,851,0,0,0,0,-1.99,0.05,0.00,0.11,0.01,-0.74,0.03,-0.01,-0.04,0.00,0.05,41.00,3.48,0.00,0.00,23436.37
2025-02-10 18:42:34,854,0,0,0,0,-1.27,1.92,0.00,0.01,-0.05,-0.74,0.03,-0.03,-0.02,-0.01,0.00,40.99,3.48,0.00,0.00,23463.74
2025-02-10 18:42:34,855,0,0,0,0,-2.00,0.52,0.00,0.08,-0.03,-0.74,0.03,-0.03,-0.01,0.00,-0.01,40.97,3.48,0.00,0.00,23894.96
2025-02-10 18:42:34,866,0,0,0,0,1.97,-1.14,0.00,0.01,0.02,-0.75,0.05,-0.01,0.00,0.02,0.00,40.93,3.47,0.00,0.00,23921.88
2025-02-10 18:42:35,867,0,0,0,0,-1.99,-0.80,0.00,0.04,0.15,-0.75,0.03,-0.01,0.00,0.09,-0.01,40.95,3.47,0.00,0.00,24048.77
2025-02-10 18:42:35,870,0,0,0,0,2.00,-0.71,0.01,-0.11,0.13,-0.75,0.01,-0.02,-0.01,0.07,0.00,40.95,3.47,0.00,0.00,24078.73
2025-02-10 18:42:35,871,0,0,0,0,0.21,-2.00,0.02,-0.03,0.19,-0.75,0.01,-0.02,-0.02,0.05,-0.01,40.93,3.48,0.00,0.00,24115.50
2025-02-10 18:42:35,872,0,0,0,0,-2.00,-0.48,0.01,0.04,0.02,-0.76,0.02,-0.02,-0.04,0.00,0.00,40.93,3.48,0.00,0.00,24458.95
2025-02-10 18:42:35,880,0,0,0,0,-2.00,0.49,0.00,-0.11,-0.04,-0.77,0.02,-0.01,-0.03,-0.03,-0.05,41.00,3.48,0.00,0.00,24476.58
2025-02-10 18:42:35,881,0,0,0,0,-1.98,1.25,0.00,0.21,-0.07,-0.77,0.00,-0.01,-0.01,0.00,0.05,40.93,3.47,0.00,0.00,24505.00
2025-02-10 18:42:35,882,0,0,0,0,1.76,-1.52,0.00,-0.11,0.13,-0.77,0.00,-0.03,0.00,0.07,-0.05,40.93,3.48,0.00,0.00,24543.27
2025-02-10 18:42:35,883,0,0,0,0,-2.01,1.11,0.00,0.23,-0.10,-0.77,0.02,-0.02,-0.02,-0.01,0.07,40.91,3.48,0.00,0.00,24583.56
2025-02-10 18:42:35,884,0,0,0,0,1.85,-1.40,0.00,-0.22,0.09,-0.77,0.03,-0.01,-0.02,0.03,-0.11,40.90,3.48,0.00,0.00,24622.91
2025-02-10 18:42:35,885,0,0,0,0,-2.00,-1.18,0.00,0.11,0.15,-0.77,0.03,-0.01,-0.02,0.07,0.02,41.06,3.47,0.00,0.00,24664.28
2025-02-10 18:42:36,886,0,0,0,0,1.98,0.66,0.00,-0.18,-0.06,-0.77,0.02,0.00,-0.01,-0.01,-0.03,40.86,3.47,0.00,0.00,25109.85
2025-02-10 18:42:36,897,0,0,0,0,0.00,-1.99,0.00,0.05,0.33,-0.78,0.04,-0.02,-0.02,0.10,0.03,40.90,3.48,0.00,0.00,25138.86
2025-02-10 18:42:36,898,0,0,0,0,-2.00,-1.06,0.02,0.14,0.18,-0.79,0.05,-0.01,-0.03,0.07,0.00,40.86,3.48,0.00,0.00,25712.19
2025-02-10 18:42:36,912,0,0,0,0,-1.87,1.37,0.00,0.03,-0.05,-0.80,0.02,-0.03,-0.02,-0.05,0.03,41.09,3.47,0.00,0.00,25743.92
2025-02-10 18:42:36,913,0,0,0,0,-2.01,-0.17,0.00,0.04,0.03,-0.80,0.04,-0.04,-0.01,0.01,-0.01,40.97,3.47,0.00,0.00,25959.66
2025-02-10 18:42:37,918,0,0,0,0,1.98,-0.69,0.00,-0.09,-0.06,-0.81,0.06,-0.04,-0.01,-0.07,0.00,40.84,3.48,0.00,0.00,26007.39
2025-02-10 18:42:37,919,0,0,0,0,-0.35,2.01,0.01,0.05,-0.10,-0.81,0.04,-0.03,-0.01,0.00,0.02,41.00,3.47,0.00,0.00,26032.05
2025-02-10 18:42:37,920,0,0,0,0,-0.98,2.00,0.00,-0.12,-0.03,-0.81,0.03,-0.04,-0.03,0.00,-0.10,40.81,3.47,0.00,0.00,26074.22
2025-02-10 18:42:37,921,0,0,0,0,-1.54,-1.77,0.00,0.14,0.11,-0.81,0.04,-0.04,-0.03,0.00,0.02,41.00,3.47,0.00,0.00,27003.58
2025-02-10 18:42:37,943,0,0,0,0,-0.49,2.01,-0.03,-0.01,-0.06,-0.83,0.03,-0.04,-0.01,0.05,-0.02,41.00,3.48,0.00,0.00,27039.54
2025-02-10 18:42:38,944,0,0,0,0,-1.99,0.73,0.00,0.10,-0.10,-0.83,0.01,-0.03,-0.01,-0.03,-0.03,40.95,3.47,0.00,0.00,27404.95
2025-02-10 18:42:38,952,0,0,0,0,0.16,2.00,0.00,0.02,-0.15,-0.84,0.03,-0.01,-0.01,0.01,0.02,40.93,3.47,0.00,0.00,27418.84
2025-02-10 18:42:38,953,0,0,0,0,1.70,1.60,0.01,-0.15,-0.11,-0.84,0.03,-0.01,0.00,-0.02,-0.05,40.91,3.48,0.00,0.00,27792.04
2025-02-10 18:42:39,961,0,0,0,0,-2.01,0.38,0.00,0.09,0.01,-0.84,0.03,-0.02,-0.01,0.01,0.00,40.88,3.48,0.00,0.00,28278.11
2025-02-10 18:42:39,972,0,0,0,0,1.85,-1.38,0.00,-0.06,0.03,-0.86,0.02,-0.04,-0.04,0.05,-0.07,40.93,3.47,0.00,0.00,28292.34
2025-02-10 18:42:39,973,0,0,0,0,-2.01,-0.44,0.00,0.01,0.03,-0.86,0.03,-0.04,-0.03,0.02,0.01,40.65,3.48,0.00,0.00,28326.27
2025-02-10 18:42:39,974,0,0,0,0,2.00,-0.09,0.00,0.01,-0.06,-0.86,0.02,-0.12,-0.03,-0.05,0.02,41.15,3.47,0.00,0.00,28590.02
2025-02-10 18:42:39,980,0,0,0,0,-2.01,-0.06,0.03,0.05,0.04,-0.86,0.04,-0.02,-0.02,0.02,-0.01,40.79,3.48,0.00,0.00,28639.67
2025-02-10 18:42:39,981,0,0,0,0,1.31,1.88,0.02,-0.04,0.01,-0.87,0.04,-0.02,-0.02,0.02,-0.01,40.97,3.47,0.00,0.00,28677.23
2025-02-10 18:42:39,982,0,0,0,0,1.15,2.01,-0.01,-0.03,-0.04,-0.87,0.03,-0.04,-0.01,0.02,0.00,40.88,3.47,0.00,0.00,29176.57
2025-02-10 18:42:39,993,0,0,0,0,2.00,0.22,0.00,-0.14,-0.04,-0.87,0.02,-0.03,-0.02,-0.01,0.00,40.81,3.47,0.00,0.00,29210.16
2025-02-10 18:42:40,994,0,0,0,0,-0.45,-1.98,0.01,0.07,0.21,-0.87,0.03,-0.04,-0.02,0.01,0.02,40.65,3.48,0.00,0.00,29479.89
2025-02-10 18:42:40,1000,0,0,0,0,-2.01,0.62,0.00,0.10,0.09,-0.88,0.07,-0.03,-0.01,0.09,0.00,40.99,3.48,0.00,0.00,29525.02
2025-02-10 18:42:40,1001,0,0,0,0,0.35,-1.99,0.00,0.03,0.08,-0.88,0.06,-0.03,-0.01,-0.01,0.03,40.84,3.47,0.00,0.00,30295.84
2025-02-10 18:42:40,1017,0,0,0,0,1.99,-0.36,0.00,-0.16,0.11,-0.90,0.04,-0.02,-0.03,0.05,0.00,40.77,3.47,0.00,0.00,30311.94
2025-02-10 18:42:41,1018,0,0,0,0,-0.70,-2.00,0.00,0.00,0.17,-0.90,0.02,-0.01,-0.02,0.02,-0.02,40.99,3.48,0.00,0.00,30451.33
2025-02-10 18:42:41,1020,0,0,0,0,-2.01,0.17,-0.01,0.21,-0.06,-0.90,0.03,-0.03,-0.02,-0.03,0.07,40.93,3.47,0.00,0.00,30476.40
2025-02-10 18:42:41,1021,0,0,0,0,-0.16,-1.98,0.00,0.09,0.18,-0.90,0.03,-0.03,-0.01,0.00,0.05,40.97,3.48,0.00,0.00,30871.92
2025-02-10 18:42:41,1030,0,0,0,0,1.41,1.80,0.01,0.02,-0.07,-0.91,0.03,-0.01,-0.03,-0.02,0.03,40.90,3.48,0.00,0.00,30904.56
2025-02-10 18:42:41,1031,0,0,0,0,0.16,2.00,0.01,0.09,-0.06,-0.91,0.02,-0.02,-0.04,-0.03,0.07,41.00,3.48,0.00,0.00,30950.06
2025-02-10 18:42:41,1032,0,0,0,0,-1.35,1.90,0.00,0.05,-0.09,-0.91,0.03,-0.03,-0.03,-0.03,0.01,40.93,3.47,0.00,0.00,31220.19
2025-02-10 18:42:41,1037,0,0,0,0,-0.12,2.01,0.01,-0.03,-0.18,-0.92,0.04,-0.03,-0.02,0.00,-0.02,40.86,3.47,0.00,0.00,31238.99
2025-02-10 18:42:42,1038,0,0,0,0,-0.84,1.99,-0.01,0.14,-0.06,-0.92,0.05,-0.01,-0.01,0.00,0.09,40.86,3.48,0.00,0.00,31775.66
2025-02-10 18:42:42,1049,0,0,0,0,-0.01,-1.99,0.01,-0.10,0.21,-0.93,0.03,-0.01,-0.04,0.05,-0.07,40.86,3.47,0.00,0.00,31799.45
2025-02-10 18:42:42,1050,0,0,0,0,1.99,-1.20,0.00,-0.17,0.08,-0.93,0.04,-0.02,-0.03,0.01,-0.05,40.77,3.47,0.00,0.00,31945.82
2025-02-10 18:42:42,1053,0,0,0,0,-0.10,2.00,-0.03,-0.05,-0.13,-0.94,0.02,-0.07,-0.02,-0.01,-0.03,40.88,3.47,0.00,0.00,31988.80
2025-02-10 18:42:42,1054,0,0,0,0,0.73,2.00,0.00,-0.06,-0.09,-0.94,0.02,-0.05,-0.01,0.07,0.00,40.91,3.48,0.00,0.00,32036.61
2025-02-10 18:42:42,1055,0,0,0,0,1.98,0.28,-0.02,-0.19,0.04,-0.94,0.03,-0.05,-0.01,0.03,-0.05,40.86,3.47,0.00,0.00,32192.01
2025-02-10 18:42:42,1058,0,0,0,0,1.16,1.99,0.00,-0.04,-0.17,-0.94,0.06,-0.02,-0.02,-0.03,0.01,40.95,3.47,0.00,0.00,32228.02
2025-02-10 18:42:42,1059,0,0,0,0,-1.56,1.73,0.01,0.10,-0.12,-0.94,0.05,-0.02,-0.02,-0.01,0.00,40.83,3.47,0.00,0.00,32383.64
2025-02-10 18:42:42,1062,0,0,0,0,-0.90,-1.99,0.02,0.10,0.10,-0.94,0.04,-0.01,-0.02,0.01,0.05,40.86,3.48,0.00,0.00,32533.27
2025-02-10 18:42:42,1065,0,0,0,0,-2.03,-1.17,0.00,0.00,-0.01,-0.95,0.24,-0.10,-0.03,-0.03,-0.05,40.95,3.48,0.00,0.00,32564.70
2025-02-10 18:42:42,1066,0,0,0,0,-0.11,-2.00,0.01,-0.03,-0.02,-0.95,0.21,-0.09,-0.02,-0.10,-0.02,40.90,3.47,0.00,0.00,32615.53
2025-02-10 18:42:43,1067,0,0,0,0,1.08,-2.00,0.00,-0.15,-0.01,-0.95,0.18,-0.04,-0.02,0.01,-0.12,40.90,3.48,0.00,0.00,32764.69
2025-02-10 18:42:43,1070,0,0,0,0,-1.99,-1.13,0.00,0.00,-0.05,-0.95,0.04,-0.02,-0.01,-0.05,0.00,40.77,3.48,0.00,0.00,32809.66
2025-02-10 18:42:43,1071,0,0,0,0,-0.45,2.00,0.02,-0.07,-0.08,-0.95,0.04,-0.02,-0.02,0.00,-0.07,40.86,3.47,0.00,0.00,32946.01
2025-02-10 18:42:43,1073,0,0,0,0,-1.40,-1.81,0.00,-0.03,0.06,-0.95,0.05,-0.03,-0.02,0.00,-0.05,40.91,3.47,0.00,0.00,33005.24
2025-02-10 18:42:43,1075,0,0,0,0,-0.55,1.99,-0.03,0.03,-0.10,-0.96,0.00,-0.01,-0.03,0.00,0.00,40.95,3.48,0.00,0.00,33076.10
2025-02-10 18:42:43,1076,0,0,0,0,-1.64,-1.60,0.00,0.04,0.08,-0.96,-0.03,0.00,-0.02,-0.02,-0.05,40.90,3.48,0.00,0.00,33103.00
2025-02-10 18:42:43,1077,0,0,0,0,1.92,-1.35,0.01,-0.12,0.02,-0.96,-0.09,0.00,-0.03,-0.01,-0.02,40.93,3.48,0.00,0.00,33164.20
2025-02-10 18:42:43,1078,0,0,0,0,1.53,-1.76,-0.01,-0.04,0.18,-0.96,-0.08,0.00,-0.03,0.05,0.03,40.90,3.48,0.00,0.00,33197.28
2025-02-10 18:42:43,1079,0,0,0,0,1.97,1.07,0.00,-0.07,-0.06,-0.96,-0.03,-0.01,-0.02,0.00,0.02,40.90,3.47,0.00,0.00,33246.33
2025-02-10 18:42:43,1080,0,0,0,0,1.91,-1.26,-0.02,-0.08,-0.02,-0.96,-0.01,0.00,0.00,-0.03,-0.02,40.88,3.48,0.00,0.00,33300.35
2025-02-10 18:42:43,1081,0,0,0,0,1.53,-1.68,0.00,0.00,0.03,-0.96,0.01,0.00,-0.02,0.00,0.01,40.86,3.48,0.00,0.00,33730.03
2025-02-10 18:42:43,1089,0,0,0,0,-0.71,-2.01,0.00,0.01,0.05,-0.97,0.03,0.00,-0.04,0.03,0.00,40.91,3.48,0.00,0.00,33751.10
2025-02-10 18:42:43,1090,0,0,0,0,0.58,2.00,0.01,-0.01,-0.04,-0.97,0.04,-0.01,-0.05,-0.07,-0.01,40.90,3.47,0.00,0.00,33789.54
2025-02-10 18:42:44,1091,0,0,0,0,1.43,1.82,-0.01,-0.02,-0.14,-0.98,0.04,-0.01,-0.04,0.01,0.07,41.00,3.48,0.00,0.00,34629.71
2025-02-10 18:42:44,1107,0,0,0,0,2.00,-0.52,0.00,-0.14,0.00,-0.99,0.04,-0.01,-0.03,-0.02,0.00,40.65,3.48,0.00,0.00,34649.90
2025-02-10 18:42:44,1108,0,0,0,0,1.50,1.77,0.03,-0.14,-0.06,-0.99,0.03,-0.01,-0.03,0.05,-0.01,40.66,3.48,0.00,0.00,34691.56
2025-02-10 18:42:44,1109,0,0,0,0,1.83,-1.30,-0.02,-0.01,-0.11,-0.99,0.04,-0.02,-0.03,-0.14,0.07,40.52,3.47,0.00,0.00,34743.37
2025-02-10 18:42:44,1110,0,0,0,0,1.99,-0.46,0.01,-0.15,0.12,-0.99,0.04,-0.04,-0.01,0.07,-0.02,40.72,3.47,0.00,0.00,34791.43
2025-02-10 18:42:44,1111,0,0,0,0,1.39,-1.86,0.00,-0.04,0.15,-0.99,0.04,-0.03,-0.03,0.07,0.00,40.68,3.48,0.00,0.00,34843.34
2025-02-10 18:42:44,1112,0,0,0,0,-0.29,-1.99,0.00,0.02,0.24,-1.00,0.05,-0.04,-0.02,0.02,0.00,40.83,3.48,0.00,0.00,35145.84
2025-02-10 18:42:44,1117,0,0,0,0,0.67,-1.98,0.01,-0.12,0.12,-1.00,0.04,-0.03,-0.03,-0.01,-0.05,40.95,3.47,0.00,0.00,35164.95
2025-02-10 18:42:44,1118,0,0,0,0,-1.99,-1.19,0.00,0.16,0.03,-1.00,0.03,-0.02,-0.02,-0.02,0.02,41.02,3.48,0.00,0.00,35203.21
2025-02-10 18:42:45,1119,0,0,0,0,1.82,1.44,0.00,-0.17,-0.01,-1.00,0.02,-0.02,-0.01,0.05,-0.05,40.93,3.47,0.00,0.00,35653.27
2025-02-10 18:42:45,1127,0,0,0,0,0.50,-1.99,0.00,-0.02,0.26,-1.01,0.02,-0.04,-0.02,0.10,0.00,40.97,3.47,0.00,0.00,35675.14
2025-02-10 18:42:45,1128,0,0,0,0,1.54,-1.77,0.00,-0.10,0.12,-1.01,0.01,-0.02,-0.02,0.03,-0.02,40.93,3.48,0.00,0.00,35709.90
2025-02-10 18:42:45,1129,0,0,0,0,-2.00,-1.17,0.02,0.11,0.09,-1.02,0.02,-0.02,-0.03,0.00,-0.02,40.88,3.47,0.00,0.00,35877.57
2025-02-10 18:42:45,1132,0,0,0,0,-0.57,-1.99,0.00,-0.04,0.08,-1.02,0.03,-0.02,-0.02,-0.05,-0.05,40.86,3.47,0.00,0.00,35917.64
2025-02-10 18:42:46,1133,0,0,0,0,1.68,-1.63,0.01,-0.09,0.30,-1.02,0.05,-0.02,-0.02,0.14,0.00,40.93,3.47,0.00,0.00,36515.11
2025-02-10 18:42:46,1144,0,0,0,0,-1.34,1.95,-0.01,0.14,-0.20,-1.03,0.06,0.00,-0.03,-0.05,0.03,40.95,3.48,0.00,0.00,36542.57
2025-02-10 18:42:46,1145,0,0,0,0,-0.67,-2.01,0.01,0.11,0.13,-1.03,0.05,0.00,-0.04,-0.01,0.05,40.86,3.48,0.00,0.00,36699.72
2025-02-10 18:42:46,1148,0,0,0,0,-1.96,-1.28,0.01,0.16,0.03,-1.04,0.02,-0.03,-0.02,-0.02,0.03,40.79,3.48,0.00,0.00,36750.89
2025-02-10 18:42:46,1149,0,0,0,0,2.00,-0.13,0.02,-0.07,0.01,-1.04,0.03,-0.02,-0.03,0.00,0.00,40.93,3.47,0.00,0.00,36804.74
2025-02-10 18:42:46,1150,0,0,0,0,0.02,-2.00,0.00,-0.11,0.02,-1.04,0.03,-0.02,-0.03,-0.02,-0.07,40.97,3.47,0.00,0.00,37401.43
2025-02-10 18:42:46,1161,0,0,0,0,0.03,1.99,0.02,-0.01,-0.03,-1.05,0.03,-0.04,-0.02,0.09,0.00,41.02,3.47,0.00,0.00,37439.96
2025-02-10 18:42:46,1162,0,0,0,0,1.82,1.37,0.00,-0.07,0.00,-1.05,0.04,-0.02,-0.01,0.00,-0.05,40.95,3.48,0.00,0.00,37755.16
2025-02-10 18:42:46,1167,0,0,0,0,-0.02,2.01,-0.01,0.09,0.02,-1.06,0.05,-0.03,-0.03,-0.03,0.07,40.95,3.47,0.00,0.00,37776.55
2025-02-10 18:42:47,1168,0,0,0,0,-2.00,-0.86,0.00,0.05,0.07,-1.06,0.03,-0.02,-0.02,0.02,0.00,40.86,3.48,0.00,0.00,37946.57
2025-02-10 18:42:47,1171,0,0,0,0,-1.26,-1.99,-0.02,0.08,0.20,-1.06,0.02,-0.03,-0.03,0.07,0.00,41.00,3.47,0.00,0.00,38121.14
2025-02-10 18:42:47,1174,0,0,0,0,-1.94,-1.27,0.01,0.04,0.07,-1.07,0.02,-0.02,-0.04,0.02,0.00,40.90,3.47,0.00,0.00,38146.70
2025-02-10 18:42:47,1175,0,0,0,0,-1.66,-1.63,-0.01,0.06,0.06,-1.07,0.02,-0.01,-0.02,0.00,0.00,40.84,3.48,0.00,0.00,38188.41
2025-02-10 18:42:47,1176,0,0,0,0,1.56,1.68,0.00,-0.02,-0.01,-1.07,0.05,-0.02,-0.03,0.07,0.05,40.97,3.47,0.00,0.00,38241.79
2025-02-10 18:42:47,1177,0,0,0,0,1.29,-1.88,0.04,-0.03,0.02,-1.07,0.05,-0.01,-0.04,0.00,0.00,40.90,3.47,0.00,0.00,38558.19
2025-02-10 18:42:47,1182,0,0,0,0,-0.25,-2.00,-0.01,0.01,0.08,-1.08,0.04,-0.01,-0.01,-0.02,0.00,41.02,3.48,0.00,0.00,38581.23
2025-02-10 18:42:47,1183,0,0,0,0,1.64,-1.62,0.00,-0.04,0.04,-1.08,0.03,-0.01,-0.01,-0.02,0.02,40.95,3.47,0.00,0.00,38620.54
2025-02-10 18:42:47,1184,0,0,0,0,1.87,1.29,0.00,-0.03,0.04,-1.08,0.05,0.00,-0.02,0.07,0.02,40.90,3.47,0.00,0.00,38941.50
2025-02-10 18:42:47,1189,0,0,0,0,-2.02,-0.48,0.03,-0.05,0.00,-1.09,0.03,-0.04,-0.04,0.00,-0.05,40.93,3.47,0.00,0.00,38961.96
2025-02-10 18:42:47,1190,0,0,0,0,-1.15,1.98,0.01,-0.05,-0.05,-1.09,0.04,-0.03,-0.04,0.00,-0.05,40.95,3.47,0.00,0.00,39005.92
2025-02-10 18:42:47,1191,0,0,0,0,0.75,-2.00,-0.01,0.01,0.19,-1.09,0.04,-0.03,-0.03,0.05,0.03,40.93,3.47,0.00,0.00,39055.08
2025-02-10 18:42:48,1192,0,0,0,0,1.98,0.57,0.00,-0.12,-0.06,-1.09,0.05,-0.03,-0.02,-0.02,-0.02,40.91,3.47,0.00,0.00,39981.42
2025-02-10 18:42:48,1208,0,0,0,0,1.98,0.22,0.00,-0.16,0.03,-1.11,0.04,-0.02,-0.01,0.02,-0.05,40.84,3.48,0.00,0.00,40002.23
2025-02-10 18:42:48,1209,0,0,0,0,1.76,1.48,0.02,-0.06,-0.06,-1.11,0.04,-0.01,-0.02,0.00,0.00,41.00,3.47,0.00,0.00,40175.93
2025-02-10 18:42:48,1212,0,0,0,0,-1.18,-1.95,0.00,0.00,0.01,-1.11,0.05,-0.03,-0.02,-0.03,-0.02,40.90,3.47,0.00,0.00,40214.90
2025-02-10 18:42:48,1213,0,0,0,0,-2.00,0.21,0.01,0.26,-0.11,-1.11,0.04,-0.02,-0.02,-0.07,0.03,40.93,3.47,0.00,0.00,40269.23
2025-02-10 18:42:48,1214,0,0,0,0,1.65,-1.62,0.02,-0.11,0.02,-1.11,0.03,-0.02,-0.03,-0.07,0.01,41.04,3.47,0.00,0.00,40325.00
2025-02-10 18:42:48,1215,0,0,0,0,1.97,-1.19,0.00,-0.10,0.01,-1.11,0.02,-0.01,-0.02,0.00,-0.07,40.90,3.47,0.00,0.00,40383.61
2025-02-10 18:42:48,1216,0,0,0,0,1.98,-0.32,0.02,-0.08,0.06,-1.12,0.04,-0.03,-0.03,0.03,0.00,40.93,3.48,0.00,0.00,40437.51
2025-02-10 18:42:49,1217,0,0,0,0,-1.52,1.78,0.00,0.05,-0.14,-1.12,0.05,-0.03,-0.03,-0.05,0.00,40.95,3.47,0.00,0.00,41238.45
2025-02-10 18:42:49,1231,0,0,0,0,1.60,-1.67,0.00,-0.07,0.08,-1.13,0.03,-0.03,-0.02,0.05,-0.03,40.97,3.47,0.00,0.00,41285.17
2025-02-10 18:42:49,1232,0,0,0,0,-1.63,-1.68,0.00,0.21,0.06,-1.13,0.05,-0.03,-0.04,-0.05,0.07,40.95,3.47,0.00,0.00,41337.58
2025-02-10 18:42:49,1233,0,0,0,0,-0.99,-1.99,0.00,0.04,0.10,-1.14,0.04,-0.03,-0.03,-0.02,-0.01,40.93,3.47,0.00,0.00,41394.30
2025-02-10 18:42:49,1234,0,0,0,0,-1.99,1.06,0.01,0.09,-0.06,-1.14,0.04,-0.02,-0.02,0.00,-0.01,40.91,3.47,0.00,0.00,41569.95
2025-02-10 18:42:49,1237,0,0,0,0,1.98,-0.24,0.01,-0.16,0.05,-1.14,0.04,-0.02,-0.03,0.02,-0.01,41.02,3.48,0.00,0.00,41624.02
2025-02-10 18:42:49,1238,0,0,0,0,-0.95,-2.00,0.02,0.07,0.19,-1.14,0.04,-0.01,-0.03,0.03,0.00,40.90,3.47,0.00,0.00,41678.14
2025-02-10 18:42:50,1239,0,0,0,0,1.70,1.60,0.01,-0.14,-0.12,-1.14,0.04,-0.02,-0.03,0.00,-0.01,40.95,3.47,0.00,0.00,42182.72
2025-02-10 18:42:50,1247,0,0,0,0,0.75,2.00,0.01,-0.11,-0.31,-1.15,0.02,-0.02,-0.05,-0.10,-0.03,40.90,3.48,0.00,0.00,42205.70
2025-02-10 18:42:50,1248,0,0,0,0,1.05,-2.00,-0.01,0.06,0.07,-1.15,0.02,-0.02,-0.02,0.00,0.07,40.90,3.48,0.00,0.00,43338.00
2025-02-10 18:42:51,1267,0,0,0,0,1.97,0.87,0.00,-0.14,-0.08,-1.17,0.05,-0.02,-0.03,-0.02,-0.02,40.97,3.47,0.00,0.00,43507.63
2025-02-10 18:42:51,1270,0,0,0,0,-1.15,1.99,0.00,0.03,-0.08,-1.18,0.02,0.00,-0.02,0.03,-0.02,40.95,3.47,0.00,0.00,43583.81
2025-02-10 18:42:51,1271,0,0,0,0,-0.38,2.01,0.02,0.06,-0.07,-1.18,0.02,-0.01,-0.02,0.03,0.02,40.91,3.47,0.00,0.00,43774.62
2025-02-10 18:42:51,1275,0,0,0,0,-1.08,-1.99,0.01,0.11,0.07,-1.18,0.02,-0.02,-0.03,-0.03,0.02,40.90,3.47,0.00,0.00,43958.59
2025-02-10 18:42:51,1278,0,0,0,0,-1.99,-0.44,0.00,0.00,0.09,-1.18,0.04,-0.02,-0.01,0.05,-0.03,40.84,3.47,0.00,0.00,44309.41
2025-02-10 18:42:51,1284,0,0,0,0,-1.84,-1.38,0.00,0.02,0.06,-1.19,0.04,-0.02,-0.03,0.01,-0.01,40.93,3.47,0.00,0.00,44352.37
2025-02-10 18:42:51,1285,0,0,0,0,0.82,-1.98,0.03,-0.06,0.04,-1.19,0.02,-0.03,-0.04,-0.01,-0.02,40.86,3.47,0.00,0.00,44540.83
2025-02-10 18:42:51,1288,0,0,0,0,0.99,-2.00,0.00,-0.03,0.07,-1.20,0.04,-0.02,-0.04,0.00,0.00,40.88,3.47,0.00,0.00,44726.81
2025-02-10 18:42:51,1291,0,0,0,0,1.99,-0.73,0.00,-0.15,0.04,-1.21,0.03,-0.02,-0.05,0.00,0.00,40.97,3.47,0.00,0.00,44769.03
2025-02-10 18:42:51,1292,0,0,0,0,1.44,1.78,0.00,-0.10,0.01,-1.21,0.03,0.00,-0.03,0.05,-0.03,40.86,3.47,0.00,0.00,44842.22
2025-02-10 18:42:51,1293,0,0,0,0,-0.78,-1.98,0.03,-0.05,0.05,-1.21,0.04,0.00,-0.03,0.03,-0.03,40.90,3.47,0.00,0.00,44890.61
2025-02-10 18:42:52,1294,0,0,0,0,1.99,0.27,0.00,-0.03,-0.06,-1.21,0.03,-0.02,-0.03,-0.03,0.02,41.04,3.47,0.00,0.00,45076.77
2025-02-10 18:42:52,1297,0,0,0,0,0.91,-1.98,0.00,-0.11,0.24,-1.21,0.05,-0.02,-0.02,0.07,-0.03,40.95,3.47,0.00,0.00,45127.69
2025-02-10 18:42:52,1298,0,0,0,0,-1.53,1.80,0.00,0.15,-0.17,-1.21,0.07,-0.01,-0.02,-0.09,0.07,40.91,3.47,0.00,0.00,45187.64
2025-02-10 18:42:52,1299,0,0,0,0,-0.45,1.99,0.00,0.00,-0.13,-1.21,0.05,-0.02,-0.01,-0.02,0.00,40.90,3.47,0.00,0.00,45710.89
2025-02-10 18:42:52,1307,0,0,0,0,-0.92,-2.00,0.02,-0.08,0.20,-1.22,0.03,-0.01,-0.01,0.05,-0.10,40.99,3.47,0.00,0.00,45735.05
2025-02-10 18:42:52,1308,0,0,0,0,1.09,-1.98,0.00,-0.01,0.06,-1.22,0.02,-0.03,-0.02,0.00,0.00,40.86,3.47,0.00,0.00,45925.65
2025-02-10 18:42:52,1311,0,0,0,0,-2.01,-0.40,0.01,0.14,0.06,-1.22,0.04,-0.02,-0.04,0.02,0.00,40.93,3.47,0.00,0.00,45972.62
2025-02-10 18:42:52,1312,0,0,0,0,1.98,-0.01,-0.01,-0.25,-0.04,-1.23,0.05,-0.02,-0.01,-0.02,-0.07,40.84,3.48,0.00,0.00,46031.75
2025-02-10 18:42:52,1313,0,0,0,0,-2.01,-0.41,0.00,0.16,-0.06,-1.23,0.04,-0.02,0.00,-0.05,0.05,40.95,3.47,0.00,0.00,46209.42
2025-02-10 18:42:52,1315,0,0,0,0,0.74,-1.98,0.00,0.00,0.19,-1.23,0.03,-0.02,-0.01,0.00,0.03,40.77,3.47,0.00,0.00,46232.24
2025-02-10 18:42:53,1316,0,0,0,0,1.98,-1.21,0.00,-0.12,0.03,-1.23,0.04,-0.02,-0.01,-0.03,0.00,40.93,3.47,0.00,0.00,46925.22
2025-02-10 18:42:53,1327,0,0,0,0,1.36,-1.85,0.00,-0.01,0.08,-1.24,0.05,-0.02,-0.03,0.01,0.01,40.95,3.48,0.00,0.00,46948.25
2025-02-10 18:42:53,1328,0,0,0,0,-0.61,-1.99,0.00,0.00,0.04,-1.24,0.04,-0.02,-0.01,-0.03,-0.01,40.90,3.47,0.00,0.00,47822.31
2025-02-10 18:42:53,1342,0,0,0,0,0.28,-2.00,0.00,-0.09,0.11,-1.25,0.02,-0.01,-0.02,0.01,-0.05,40.88,3.48,0.00,0.00,47875.13
2025-02-10 18:42:53,1343,0,0,0,0,1.10,2.01,0.01,-0.10,-0.20,-1.26,0.02,-0.02,-0.03,-0.05,-0.02,41.02,3.47,0.00,0.00,47935.77
2025-02-10 18:42:54,1344,0,0,0,0,-2.02,-0.53,-0.01,0.04,0.07,-1.26,0.04,-0.03,-0.02,0.03,-0.03,40.84,3.47,0.00,0.00,48309.29
2025-02-10 18:42:54,1349,0,0,0,0,-2.01,-0.33,0.01,-0.02,-0.01,-1.26,0.04,-0.03,-0.02,-0.01,-0.10,40.93,3.47,0.00,0.00,48334.29
2025-02-10 18:42:54,1350,0,0,0,0,1.98,1.18,0.01,-0.02,-0.17,-1.26,0.03,-0.01,-0.02,-0.10,0.01,40.81,3.48,0.00,0.00,48374.95
2025-02-10 18:42:54,1351,0,0,0,0,1.98,1.02,0.02,0.07,0.04,-1.27,0.04,-0.01,-0.04,0.00,0.00,41.02,3.47,0.00,0.00,48580.11
2025-02-10 18:42:54,1354,0,0,0,0,1.74,-1.51,0.01,-0.06,0.10,-1.27,0.04,-0.02,-0.04,-0.02,0.07,41.04,3.48,0.00,0.00,48942.68
2025-02-10 18:42:54,1360,0,0,0,0,0.16,2.00,0.01,-0.10,0.00,-1.28,0.05,-0.01,-0.02,0.05,-0.07,40.81,3.47,0.00,0.00,49002.57
2025-02-10 18:42:54,1361,0,0,0,0,1.97,1.20,0.01,-0.05,-0.08,-1.28,0.05,-0.02,-0.03,-0.07,-0.05,40.91,3.47,0.00,0.00,49191.98
2025-02-10 18:42:54,1364,0,0,0,0,1.63,-1.63,0.01,-0.02,0.04,-1.29,0.03,0.00,-0.04,-0.05,0.07,41.00,3.48,0.00,0.00,49255.22
2025-02-10 18:42:54,1365,0,0,0,0,0.18,2.01,0.00,-0.04,0.05,-1.29,0.02,-0.01,-0.04,0.02,-0.02,40.97,3.47,0.00,0.00,49434.13
2025-02-10 18:42:55,1367,0,0,0,0,1.79,-1.41,0.00,-0.05,0.00,-1.29,0.02,-0.04,-0.02,0.00,-0.03,40.77,3.48,0.00,0.00,50160.74
2025-02-10 18:42:55,1379,0,0,0,0,-1.42,-1.86,0.00,0.17,0.13,-1.31,0.04,-0.03,-0.05,0.00,0.05,40.91,3.47,0.00,0.00,50208.65
2025-02-10 18:42:55,1380,0,0,0,0,0.46,-1.99,0.00,0.01,0.16,-1.31,0.03,-0.03,-0.04,0.00,0.02,40.75,3.47,0.00,0.00,50412.11
2025-02-10 18:42:55,1383,0,0,0,0,0.14,2.00,0.02,-0.06,-0.15,-1.31,0.04,-0.02,-0.02,0.01,-0.03,40.95,3.47,0.00,0.00,50606.43
2025-02-10 18:42:55,1386,0,0,0,0,-0.98,-1.99,0.01,0.07,0.12,-1.32,0.01,-0.03,-0.04,-0.02,0.00,40.88,3.47,0.00,0.00,50664.33
2025-02-10 18:42:55,1387,0,0,0,0,1.57,1.66,0.03,-0.11,-0.02,-1.32,0.03,-0.03,-0.05,-0.02,-0.09,40.95,3.47,0.00,0.00,50722.27
2025-02-10 18:42:55,1388,0,0,0,0,-1.16,-1.96,-0.01,-0.12,0.00,-1.32,0.04,-0.03,-0.03,0.00,-0.09,40.90,3.47,0.00,0.00,50799.59
2025-02-10 18:42:55,1389,0,0,0,0,2.01,1.22,0.00,-0.13,-0.12,-1.32,0.03,-0.02,-0.01,-0.03,-0.01,40.91,3.48,0.00,0.00,50851.18
2025-02-10 18:42:55,1390,0,0,0,0,-1.58,-1.72,0.01,0.19,0.11,-1.32,0.03,-0.03,-0.03,-0.01,0.05,40.95,3.47,0.00,0.00,51059.45
2025-02-10 18:42:55,1393,0,0,0,0,-2.01,0.26,0.01,0.00,-0.10,-1.33,0.06,-0.07,-0.03,-0.07,-0.03,41.02,3.47,0.00,0.00,51109.59
2025-02-10 18:42:56,1394,0,0,0,0,1.16,-1.99,0.00,-0.09,0.02,-1.33,0.05,-0.05,-0.04,0.03,-0.07,40.90,3.47,0.00,0.00,51482.87
2025-02-10 18:42:56,1399,0,0,0,0,-1.21,1.97,0.01,0.02,-0.09,-1.33,0.06,-0.02,-0.02,0.00,-0.01,40.93,3.47,0.00,0.00,51697.76
2025-02-10 18:42:56,1403,0,0,0,0,-1.54,1.76,0.01,0.14,-0.14,-1.34,0.02,-0.02,-0.02,-0.02,0.03,40.95,3.48,0.00,0.00,52444.53
2025-02-10 18:42:56,1414,0,0,0,0,1.38,1.85,0.00,-0.05,-0.09,-1.35,0.05,-0.03,-0.03,0.00,0.00,40.81,3.47,0.00,0.00,52480.52
2025-02-10 18:42:56,1415,0,0,0,0,0.39,-1.98,0.02,-0.07,0.17,-1.35,0.04,-0.04,-0.02,0.00,-0.02,40.72,3.47,0.00,0.00,52694.47
2025-02-10 18:42:56,1418,0,0,0,0,-0.53,2.00,0.02,0.00,0.04,-1.35,0.05,-0.03,-0.02,0.02,0.00,40.90,3.47,0.00,0.00,52743.91
2025-02-10 18:42:57,1419,0,0,0,0,1.51,-1.72,0.01,-0.13,-0.06,-1.35,0.04,-0.02,-0.02,-0.07,-0.07,40.97,3.47,0.00,0.00,52811.53
2025-02-10 18:42:57,1420,0,0,0,0,-1.99,-0.96,-0.01,0.10,0.09,-1.36,0.03,-0.02,-0.03,0.03,0.00,40.93,3.48,0.00,0.00,53365.73
2025-02-10 18:42:57,1428,0,0,0,0,-2.01,0.64,0.01,-0.04,-0.05,-1.36,0.02,-0.01,-0.02,-0.01,-0.10,40.84,3.47,0.00,0.00,53405.59
2025-02-10 18:42:57,1429,0,0,0,0,-2.02,0.17,0.01,-0.02,0.03,-1.36,0.04,0.00,-0.01,0.02,-0.07,41.04,3.47,0.00,0.00,53473.77
2025-02-10 18:42:57,1430,0,0,0,0,-1.91,1.24,0.00,-0.05,0.00,-1.36,0.06,0.00,-0.02,0.01,-0.07,40.83,3.47,0.00,0.00,53863.67
2025-02-10 18:42:57,1435,0,0,0,0,1.89,1.33,0.01,-0.13,0.00,-1.37,0.05,-0.02,-0.02,0.05,-0.01,40.88,3.47,0.00,0.00,53888.80
2025-02-10 18:42:57,1436,0,0,0,0,1.23,-1.98,0.00,-0.11,0.16,-1.37,0.04,-0.02,-0.01,0.02,-0.02,40.86,3.47,0.00,0.00,53938.33
2025-02-10 18:42:57,1437,0,0,0,0,1.99,-0.12,0.01,-0.10,0.03,-1.37,0.05,-0.04,-0.01,0.01,0.00,40.91,3.47,0.00,0.00,54005.20
2025-02-10 18:42:58,1438,0,0,0,0,1.98,-0.90,0.02,-0.05,0.00,-1.37,0.04,-0.03,-0.01,-0.01,0.01,40.91,3.47,0.00,0.00,54779.01
2025-02-10 18:42:58,1449,0,0,0,0,0.11,2.01,0.02,-0.06,-0.14,-1.39,0.04,-0.04,-0.03,0.01,-0.03,40.93,3.47,0.00,0.00,54811.06
2025-02-10 18:42:58,1450,0,0,0,0,-1.48,-1.79,0.00,0.00,0.16,-1.39,0.02,-0.03,-0.02,0.07,-0.02,40.88,3.47,0.00,0.00,54876.89
2025-02-10 18:42:58,1451,0,0,0,0,1.85,-1.46,0.00,-0.24,0.07,-1.39,0.01,-0.02,-0.01,0.00,-0.10,40.90,3.47,0.00,0.00,54946.14
2025-02-10 18:42:58,1452,0,0,0,0,1.21,-1.96,0.00,-0.07,0.09,-1.39,0.02,-0.01,-0.01,0.00,0.00,40.97,3.47,0.00,0.00,55018.82
2025-02-10 18:42:58,1453,0,0,0,0,-1.34,1.92,0.02,0.02,-0.16,-1.39,0.03,-0.01,-0.02,-0.01,-0.05,40.88,3.48,0.00,0.00,55079.73
2025-02-10 18:42:58,1454,0,0,0,0,2.00,-0.77,0.03,0.01,-0.10,-1.39,0.02,-0.01,-0.05,-0.07,0.01,40.95,3.47,0.00,0.00,55836.87
2025-02-10 18:42:58,1465,0,0,0,0,-1.62,-1.68,0.01,0.12,0.08,-1.41,0.03,-0.02,-0.03,0.00,0.01,40.91,3.47,0.00,0.00,55896.61
2025-02-10 18:42:59,1466,0,0,0,0,1.36,1.85,0.00,-0.01,-0.06,-1.41,0.04,-0.02,-0.03,-0.01,0.00,40.79,3.47,0.00,0.00,56293.49
2025-02-10 18:42:59,1471,0,0,0,0,1.98,-1.03,0.02,-0.09,0.08,-1.41,0.02,-0.01,-0.03,0.02,0.00,40.90,3.47,0.00,0.00,56317.49
2025-02-10 18:42:59,1472,0,0,0,0,1.98,0.60,0.00,-0.24,0.06,-1.41,0.04,-0.02,-0.02,0.07,-0.05,40.99,3.47,0.00,0.00,56377.53
2025-02-10 18:42:59,1473,0,0,0,0,-1.37,-1.91,0.00,0.11,0.15,-1.42,0.04,-0.02,-0.03,0.00,0.00,40.88,3.47,0.00,0.00,56451.34
2025-02-10 18:42:59,1474,0,0,0,0,0.65,-1.98,0.00,0.00,0.26,-1.42,0.02,-0.02,-0.02,0.07,0.02,40.86,3.47,0.00,0.00,56514.45
2025-02-10 18:42:59,1475,0,0,0,0,1.99,-0.19,0.01,-0.12,0.10,-1.42,0.03,-0.03,-0.01,0.07,-0.01,40.90,3.47,0.00,0.00,56908.62
2025-02-10 18:42:59,1480,0,0,0,0,1.43,1.83,0.00,-0.07,-0.11,-1.42,0.04,-0.02,0.00,-0.05,-0.02,40.97,3.47,0.00,0.00,56934.50
2025-02-10 18:42:59,1481,0,0,0,0,1.08,2.01,-0.02,-0.05,-0.15,-1.42,0.04,-0.02,0.00,-0.03,0.00,40.86,3.47,0.00,0.00,57155.66
2025-02-10 18:42:59,1484,0,0,0,0,-0.61,-1.98,0.00,-0.11,0.14,-1.42,0.03,-0.02,-0.03,0.07,-0.09,40.88,3.47,0.00,0.00,57202.38
2025-02-10 18:42:59,1485,0,0,0,0,-1.98,0.95,0.01,0.18,0.02,-1.43,0.03,-0.03,-0.03,0.05,0.03,41.02,3.47,0.00,0.00,57354.80
2025-02-10 18:42:59,1487,0,0,0,0,-1.05,1.99,-0.01,0.02,-0.01,-1.43,0.03,-0.02,-0.01,0.00,0.00,40.88,3.47,0.00,0.00,57461.64
2025-02-10 18:42:59,1488,0,0,0,0,1.17,2.01,0.02,-0.17,-0.10,-1.43,0.04,-0.02,-0.02,0.00,-0.07,40.88,3.47,0.00,0.00,57518.92
2025-02-10 18:42:59,1489,0,0,0,0,1.63,-1.68,0.02,-0.23,0.09,-1.43,0.04,-0.02,-0.02,0.00,-0.09,40.93,3.47,0.00,0.00,57550.18
2025-02-10 18:42:59,1490,0,0,0,0,2.00,0.91,0.01,-0.25,-0.02,-1.43,0.03,-0.02,-0.03,0.03,-0.05,40.86,3.47,0.00,0.00,57619.68
2025-02-10 18:43:00,1491,0,0,0,0,-1.20,-2.00,0.00,0.05,0.12,-1.43,0.04,-0.02,-0.02,0.03,0.00,40.90,3.47,0.00,0.00,58027.26
2025-02-10 18:43:00,1496,0,0,0,0,-1.23,-1.95,0.01,0.09,0.03,-1.44,0.04,-0.01,-0.03,0.00,0.05,40.95,3.47,0.00,0.00,58051.70
2025-02-10 18:43:00,1497,0,0,0,0,-2.01,-0.41,0.00,0.17,-0.10,-1.44,0.04,-0.01,-0.03,-0.09,0.05,40.90,3.48,0.00,0.00,58275.43
2025-02-10 18:43:00,1500,0,0,0,0,-1.29,-1.94,0.01,0.10,0.13,-1.44,0.03,-0.02,-0.02,0.03,0.03,40.88,3.47,0.00,0.00,58317.05
2025-02-10 18:43:00,1501,0,0,0,0,-1.59,1.72,0.01,0.06,-0.15,-1.45,0.03,-0.02,-0.03,-0.02,-0.02,40.88,3.47,0.00,0.00,58524.22
2025-02-10 18:43:00,1503,0,0,0,0,-2.02,0.37,0.00,0.09,-0.03,-1.45,0.04,-0.02,-0.03,0.00,-0.01,40.93,3.47,0.00,0.00,58548.78
2025-02-10 18:43:00,1504,0,0,0,0,-1.51,1.75,0.00,0.08,0.00,-1.45,0.05,-0.02,-0.02,0.07,0.00,40.84,3.47,0.00,0.00,58597.92
2025-02-10 18:43:00,1505,0,0,0,0,-1.68,1.56,0.02,0.00,-0.02,-1.45,0.04,-0.02,-0.03,0.00,-0.01,40.91,3.47,0.00,0.00,58668.17
2025-02-10 18:43:00,1506,0,0,0,0,-2.00,1.18,0.00,0.10,0.04,-1.45,0.05,-0.03,-0.02,0.07,0.00,40.90,3.47,0.00,0.00,59284.69
2025-02-10 18:43:00,1514,0,0,0,0,0.49,-1.99,0.00,0.01,0.24,-1.46,0.05,-0.03,-0.02,0.05,0.03,40.97,3.47,0.00,0.00,59309.44
2025-02-10 18:43:01,1515,0,0,0,0,1.32,-1.95,0.01,-0.01,0.26,-1.46,0.05,-0.01,-0.02,0.09,0.05,40.99,3.48,0.00,0.00,60313.72
2025-02-10 18:43:01,1529,0,0,0,0,1.85,-1.46,0.02,-0.27,0.15,-1.48,0.06,0.00,-0.03,0.01,-0.07,40.75,3.48,0.00,0.00,60542.55
2025-02-10 18:43:01,1532,0,0,0,0,-1.29,-1.92,0.02,0.01,0.06,-1.48,0.06,0.00,-0.03,-0.05,-0.05,41.00,3.47,0.00,0.00,61141.50
2025-02-10 18:43:02,1540,0,0,0,0,-2.00,-1.11,0.00,0.00,0.12,-1.49,0.04,0.00,-0.01,0.05,-0.05,40.95,3.47,0.00,0.00,62746.63
2025-02-10 18:43:02,1562,0,0,0,0,1.76,1.55,0.00,-0.17,-0.08,-1.52,0.04,-0.02,-0.01,-0.02,-0.09,40.88,3.47,0.00,0.00,62775.89
2025-02-10 18:43:02,1563,0,0,0,0,-0.78,2.00,0.02,0.08,-0.19,-1.52,0.03,-0.03,-0.02,0.00,0.00,40.97,3.47,0.00,0.00,62997.94
2025-02-10 18:43:03,1566,0,0,0,0,-2.00,0.63,0.00,0.09,-0.05,-1.52,0.03,-0.01,-0.02,0.00,-0.05,40.86,3.47,0.00,0.00,63234.52
2025-02-10 18:43:03,1569,0,0,0,0,-0.27,1.99,0.00,-0.04,-0.20,-1.52,0.05,0.00,-0.03,0.00,-0.05,40.81,3.47,0.00,0.00,63269.41
2025-02-10 18:43:04,1570,0,0,0,0,-1.44,-1.83,0.02,0.01,0.16,-1.53,0.03,0.00,-0.03,0.07,-0.02,40.86,3.47,0.00,0.00,65138.68
2025-02-10 18:43:04,1595,0,0,0,0,-1.91,-1.34,0.01,0.14,0.06,-1.56,0.03,-0.02,-0.03,0.00,0.01,40.91,3.47,0.00,0.00,65192.86
2025-02-10 18:43:04,1596,0,0,0,0,-1.90,-1.35,-0.01,0.09,0.05,-1.56,0.04,-0.02,-0.02,0.00,0.00,40.90,3.47,0.00,0.00,65428.57
2025-02-10 18:43:04,1599,0,0,0,0,-2.01,0.72,0.02,0.13,-0.10,-1.56,0.02,-0.01,-0.03,-0.05,0.01,40.90,3.47,0.00,0.00,65494.13
2025-02-10 18:43:05,1600,0,0,0,0,-2.01,-0.43,0.00,0.17,0.02,-1.56,0.03,-0.01,-0.03,0.00,-0.01,40.86,3.47,0.00,0.00,66966.99
2025-02-10 18:43:05,1619,0,0,0,0,1.98,-0.55,0.00,0.02,0.11,-1.59,0.02,-0.01,-0.02,0.07,0.01,40.93,3.47,0.00,0.00,67004.96
2025-02-10 18:43:05,1620,0,0,0,0,0.12,-2.00,0.01,0.00,0.09,-1.59,0.03,0.00,-0.01,0.03,0.00,40.95,3.47,0.00,0.00,67079.03
2025-02-10 18:43:05,1621,0,0,0,0,-1.43,1.76,0.00,-0.02,0.03,-1.59,0.02,-0.01,0.00,0.01,0.00,40.93,3.47,0.00,0.00,67158.86
2025-02-10 18:43:05,1622,0,0,0,0,-2.01,-0.72,0.02,0.08,-0.03,-1.59,0.03,0.00,-0.02,-0.05,-0.01,40.90,3.47,0.00,0.00,67467.26
2025-02-10 18:43:05,1626,0,0,0,0,0.04,-2.00,0.00,0.00,0.11,-1.59,0.03,-0.01,-0.02,-0.05,0.00,40.81,3.47,0.00,0.00,67541.62
2025-02-10 18:43:05,1627,0,0,0,0,-1.13,2.00,0.00,-0.03,-0.12,-1.60,0.03,-0.02,-0.02,0.00,-0.07,40.86,3.47,0.00,0.00,67971.01
2025-02-10 18:43:05,1632,0,0,0,0,2.00,-0.37,-0.01,-0.10,0.02,-1.60,0.03,-0.01,-0.03,0.00,0.03,40.90,3.47,0.00,0.00,68218.24
2025-02-10 18:43:05,1635,0,0,0,0,1.76,1.51,0.00,-0.12,-0.02,-1.60,0.05,-0.01,-0.03,0.03,-0.01,40.81,3.47,0.00,0.00,68248.93
2025-02-10 18:43:05,1636,0,0,0,0,1.38,1.85,0.00,-0.12,-0.03,-1.61,0.03,0.00,-0.02,0.05,-0.02,40.93,3.47,0.00,0.00,68302.67
2025-02-10 18:43:05,1637,0,0,0,0,1.03,1.98,0.02,-0.15,-0.05,-1.61,0.04,0.01,-0.04,0.00,-0.09,40.88,3.48,0.00,0.00,68757.93
2025-02-10 18:43:06,1642,0,0,0,0,-1.79,-1.49,0.01,0.09,0.11,-1.61,0.01,-0.02,-0.04,0.00,-0.02,40.88,3.47,0.00,0.00,69852.92
2025-02-10 18:43:06,1657,0,0,0,0,1.99,-0.45,0.06,-0.01,0.02,-1.64,0.04,-0.01,-0.05,0.00,0.03,40.93,3.47,0.00,0.00,69924.90
2025-02-10 18:43:06,1658,0,0,0,0,1.97,1.19,0.03,-0.09,-0.02,-1.64,0.04,-0.01,-0.06,-0.01,-0.07,41.00,3.47,0.00,0.00,70002.75
2025-02-10 18:43:06,1659,0,0,0,0,-0.13,2.02,0.01,0.08,-0.08,-1.64,0.04,-0.02,-0.04,0.00,0.05,40.97,3.48,0.00,0.00,70256.14
2025-02-10 18:43:06,1662,0,0,0,0,-2.01,0.73,0.01,-0.04,-0.05,-1.65,0.04,-0.01,-0.03,-0.03,-0.03,40.93,3.47,0.00,0.00,70314.69
2025-02-10 18:43:06,1663,0,0,0,0,-2.01,1.01,0.01,0.03,0.03,-1.65,0.02,0.00,-0.03,0.02,0.01,40.88,3.47,0.00,0.00,70392.80
2025-02-10 18:43:07,1664,0,0,0,0,1.10,2.01,0.01,0.00,0.02,-1.65,0.03,-0.01,-0.04,0.03,0.00,40.97,3.47,0.00,0.00,70870.33
2025-02-10 18:43:07,1670,0,0,0,0,-0.27,1.99,-0.03,-0.02,-0.09,-1.66,0.05,0.00,-0.03,0.00,-0.02,40.97,3.48,0.00,0.00,70942.91
2025-02-10 18:43:07,1671,0,0,0,0,1.31,-1.91,0.01,-0.10,0.04,-1.66,0.06,0.00,-0.02,0.03,-0.07,40.88,3.48,0.00,0.00,71023.38
2025-02-10 18:43:07,1672,0,0,0,0,-1.05,-1.99,0.00,0.01,0.01,-1.66,0.06,0.00,-0.01,-0.05,-0.01,40.84,3.47,0.00,0.00,71098.01
2025-02-10 18:43:07,1673,0,0,0,0,-1.04,-1.98,0.00,-0.03,0.02,-1.66,0.06,-0.01,-0.01,0.00,-0.02,40.83,3.48,0.00,0.00,72396.66
2025-02-10 18:43:07,1689,143,156,150,164,-2.04,1.09,-0.40,0.27,0.06,-1.67,0.00,0.03,0.08,-0.05,0.37,41.04,3.40,0.00,0.00,72450.26
2025-02-10 18:43:07,1690,181,194,119,131,-1.56,-1.65,-0.39,0.43,0.24,-1.67,0.11,0.03,0.03,0.82,0.86,41.15,3.42,0.00,0.00,72714.65
2025-02-10 18:43:07,1693,164,144,161,143,-1.28,1.83,-0.15,0.03,-0.21,-1.67,0.00,0.00,0.00,-1.08,0.72,41.49,3.41,0.00,0.00,72766.81
2025-02-10 18:43:08,1694,166,195,106,128,1.98,-1.31,0.14,-0.32,-0.02,-1.67,0.00,-0.02,-0.04,0.00,-0.23,40.24,3.42,0.00,0.00,73017.89
2025-02-10 18:43:08,1697,0,0,0,0,1.66,-1.63,0.00,0.05,-0.05,-1.68,0.00,-0.01,-0.14,0.77,-0.79,41.31,3.47,0.00,0.00,73079.75
2025-02-10 18:43:08,1698,0,0,0,0,-1.80,-1.48,-0.23,0.01,0.18,-1.68,0.02,0.01,-0.07,0.72,0.80,41.45,3.47,0.00,0.00,73559.60
2025-02-10 18:43:08,1704,0,0,0,0,0.24,1.99,0.39,0.12,-0.10,-1.70,0.05,-0.02,-0.08,0.05,0.10,40.88,3.47,0.00,0.00,73641.75
2025-02-10 18:43:09,1705,0,0,0,0,-0.31,-1.99,-0.11,-0.22,0.22,-1.70,0.03,-0.01,-0.04,0.10,-0.17,41.15,3.47,0.00,0.00,75658.54
2025-02-10 18:43:09,1729,0,0,0,0,-2.00,0.97,0.02,0.08,-0.07,-1.74,0.03,-0.02,-0.04,-0.01,0.00,40.93,3.47,0.00,0.00,75689.08
2025-02-10 18:43:09,1730,0,0,0,0,-1.91,1.34,0.00,0.15,-0.11,-1.74,0.02,-0.03,-0.03,0.00,0.00,40.88,3.47,0.00,0.00,75740.00
2025-02-10 18:43:09,1731,0,0,0,0,-1.69,-1.60,0.00,0.05,0.12,-1.74,0.04,-0.02,-0.02,0.00,-0.03,40.91,3.47,0.00,0.00,76206.40
2025-02-10 18:43:10,1736,0,0,0,0,0.71,2.01,0.02,-0.16,-0.04,-1.74,0.05,-0.03,-0.04,0.03,-0.10,40.86,3.47,0.00,0.00,76921.36
2025-02-10 18:43:10,1745,0,0,0,0,0.98,-2.00,0.00,-0.07,0.15,-1.76,0.05,0.00,-0.02,0.02,-0.01,40.95,3.47,0.00,0.00,76968.64
2025-02-10 18:43:10,1746,0,0,0,0,0.43,-2.00,0.00,0.06,0.22,-1.76,0.04,-0.01,-0.02,0.05,0.07,40.84,3.47,0.00,0.00,77694.15
2025-02-10 18:43:10,1754,0,0,0,0,0.98,2.01,0.00,-0.05,-0.20,-1.77,0.04,-0.01,-0.02,-0.07,0.00,40.84,3.47,0.00,0.00,77723.08
2025-02-10 18:43:10,1755,0,0,0,0,-0.37,1.99,0.00,-0.02,-0.19,-1.77,0.04,-0.02,-0.01,0.00,-0.03,40.83,3.47,0.00,0.00,77791.31
2025-02-10 18:43:10,1756,0,0,0,0,-0.23,-1.98,0.01,0.07,0.31,-1.77,0.04,-0.03,-0.03,0.10,0.03,40.84,3.47,0.00,0.00,77876.13
2025-02-10 18:43:10,1757,0,0,0,0,1.99,-0.21,0.01,-0.21,-0.01,-1.77,0.05,-0.02,-0.03,-0.01,-0.05,40.88,3.47,0.00,0.00,78122.68
2025-02-10 18:43:10,1759,0,0,0,0,1.23,1.93,0.00,0.00,0.01,-1.78,0.04,-0.01,-0.05,-0.01,-0.01,40.99,3.47,0.00,0.00,78839.73
2025-02-10 18:43:10,1768,0,0,0,0,2.00,-0.24,0.02,-0.24,0.01,-1.79,0.03,-0.03,-0.02,0.00,-0.03,40.86,3.47,0.00,0.00,78885.58
2025-02-10 18:43:12,1769,0,0,0,0,-0.12,-2.00,0.00,0.02,0.25,-1.79,0.03,-0.02,-0.01,0.10,0.00,41.06,3.47,0.00,0.00,81206.99
2025-02-10 18:43:12,1796,0,0,0,0,-1.87,1.28,0.00,0.05,0.00,-1.83,0.03,-0.01,-0.01,0.03,-0.01,41.00,3.47,0.00,0.00,81255.72
2025-02-10 18:43:12,1797,0,0,0,0,-0.72,-2.00,0.00,0.01,0.12,-1.83,0.03,0.00,-0.01,0.03,0.00,40.90,3.47,0.00,0.00,81506.06
2025-02-10 18:43:12,1800,0,0,0,0,-1.79,1.39,0.00,0.07,0.00,-1.83,0.02,0.00,-0.03,0.02,0.01,40.93,3.47,0.00,0.00,81567.65
2025-02-10 18:43:12,1801,0,0,0,0,-2.00,0.80,0.02,0.06,-0.05,-1.84,0.02,0.00,-0.05,0.00,-0.05,40.86,3.47,0.00,0.00,82544.52
2025-02-10 18:43:12,1812,0,0,0,0,-1.22,1.26,0.55,-1.78,1.28,-1.44,1.02,0.59,2.34,0.05,-0.60,39.06,3.47,0.00,0.00,82612.97
2025-02-10 18:43:12,1813,0,0,0,0,-1.99,1.04,-0.08,-0.12,-0.31,-1.39,0.76,0.52,1.31,-1.86,2.91,38.99,3.47,0.00,0.00,82713.56
2025-02-10 18:43:12,1814,0,0,0,0,1.78,-1.24,0.34,0.43,-0.43,-1.33,0.51,0.38,1.05,-0.14,0.07,40.93,3.47,0.00,0.00,82977.10
2025-02-10 18:43:13,1817,0,0,0,0,0.85,2.00,0.18,-0.16,-0.15,-1.28,0.15,0.10,0.10,-0.40,-0.21,40.66,3.47,0.00,0.00,83710.57
2025-02-10 18:43:13,1826,0,0,0,0,1.98,-1.27,0.02,-0.09,0.18,-1.28,0.06,0.00,-0.04,0.07,0.00,40.88,3.47,0.00,0.00,83956.45
2025-02-10 18:43:13,1828,0,0,0,0,-1.05,-1.99,0.00,0.12,0.04,-1.28,0.05,-0.01,-0.04,-0.01,0.05,40.88,3.47,0.00,0.00,85179.64
2025-02-10 18:43:13,1843,0,0,0,0,-0.74,1.98,0.07,0.00,0.00,0.75,0.03,-0.01,0.25,-0.02,0.00,40.81,3.47,0.00,0.00,85264.54
2025-02-10 18:43:14,1844,0,0,0,0,1.27,-2.00,0.04,-0.11,0.02,0.75,0.02,0.00,0.11,0.02,-0.09,40.90,3.47,0.00,0.00,86004.18
2025-02-10 18:43:14,1852,0,0,0,0,-1.54,1.60,-0.05,0.14,-0.01,0.75,0.05,0.01,0.03,-0.23,0.30,41.41,3.47,0.00,0.00,86050.13
2025-02-10 18:43:14,1853,0,0,0,0,-1.57,-1.95,-7.45,1.61,1.57,0.80,-0.04,0.08,3.81,2.21,1.76,41.50,3.47,0.00,0.00,86137.70
2025-02-10 18:43:14,1854,0,0,0,0,2.14,-1.46,-12.44,0.18,2.27,1.26,-0.13,-0.05,14.50,1.60,0.15,40.49,3.47,0.00,0.00,86416.06
2025-02-10 18:43:14,1856,0,0,0,0,-0.48,2.05,-7.74,0.02,-0.58,3.34,-0.14,-0.20,31.47,-1.17,0.18,40.83,3.47,0.00,0.00,86448.97
2025-02-10 18:43:14,1857,0,0,0,0,1.67,2.01,1.55,-0.59,-2.68,4.50,-0.12,-0.21,27.06,-3.32,-1.65,41.27,3.47,0.00,0.00,86497.25
2025-02-10 18:43:15,1858,0,0,0,0,-0.73,-1.60,5.70,-1.01,-1.60,5.28,-0.04,-0.10,15.79,0.11,-0.07,40.65,3.47,0.00,0.00,87493.87
2025-02-10 18:43:15,1869,0,0,0,0,1.75,-1.64,-0.06,-0.10,0.07,6.22,0.04,-0.04,-0.02,0.00,-0.01,40.81,3.47,0.00,0.00,89246.27
2025-02-10 18:43:16,1889,0,0,0,0,-0.96,-1.98,1.28,0.06,0.02,7.54,0.04,-0.06,3.47,0.01,0.05,40.88,3.47,0.00,0.00,90265.49
2025-02-10 18:43:16,1900,0,0,0,0,-0.42,-2.01,-0.05,-0.07,0.28,7.74,0.01,0.00,-0.05,0.07,-0.07,40.93,3.47,0.00,0.00,90321.69
2025-02-10 18:43:16,1901,0,0,0,0,2.00,-0.61,-0.03,-0.19,0.10,7.73,0.02,0.00,-0.05,0.05,-0.05,40.84,3.47,0.00,0.00,91857.36
2025-02-10 18:43:16,1918,0,0,0,0,1.81,-1.57,-0.03,-0.01,0.08,7.71,0.03,-0.01,-0.03,0.02,0.02,40.86,3.47,0.00,0.00,91934.54
2025-02-10 18:43:17,1919,0,0,0,0,-1.98,0.28,-0.02,0.02,0.06,7.71,0.01,0.00,-0.03,0.05,-0.07,40.81,3.47,0.00,0.00,92721.67
2025-02-10 18:43:17,1927,0,0,0,0,1.47,-1.94,-0.05,-0.15,0.05,7.70,0.04,-0.01,-0.03,-0.05,-0.03,40.93,3.47,0.00,0.00,92758.42
2025-02-10 18:43:17,1928,0,0,0,0,0.84,-2.00,-0.02,0.03,0.15,7.70,0.04,-0.01,-0.03,0.03,0.05,40.84,3.47,0.00,0.00,93290.88
2025-02-10 18:43:17,1933,0,0,0,0,1.97,1.21,-0.03,-0.11,-0.06,7.69,0.05,0.00,-0.04,-0.02,-0.05,40.90,3.47,0.00,0.00,93325.22
2025-02-10 18:43:17,1934,0,0,0,0,-0.84,-2.00,-0.02,0.04,0.00,7.69,0.03,-0.02,-0.04,-0.05,0.00,40.77,3.47,0.00,0.00,93613.92
2025-02-10 18:43:17,1937,0,0,0,0,2.00,-0.49,-0.03,-0.05,0.07,7.68,0.01,-0.02,-0.04,0.05,-0.02,40.97,3.47,0.00,0.00,93903.90
2025-02-10 18:43:17,1940,0,0,0,0,0.23,-2.00,-0.03,-0.05,0.09,7.68,0.03,-0.01,-0.04,0.05,-0.03,40.97,3.47,0.00,0.00,93945.25
2025-02-10 18:43:18,1941,0,0,0,0,-1.44,1.63,-0.03,-0.01,0.00,7.68,0.03,-0.01,-0.05,0.03,-0.03,41.00,3.47,0.00,0.00,94331.72
2025-02-10 18:43:18,1945,0,0,0,0,2.01,1.06,-0.05,-0.14,0.01,7.67,0.02,0.00,-0.03,0.07,0.00,40.81,3.47,0.00,0.00,94414.64
2025-02-10 18:43:18,1946,0,0,0,0,-1.99,-0.13,-0.05,0.24,0.04,7.67,0.02,0.00,-0.04,0.02,0.05,40.95,3.47,0.00,0.00,94702.90
2025-02-10 18:43:18,1948,0,0,0,0,-1.93,0.99,-0.05,-0.04,0.03,7.67,0.02,-0.01,-0.02,0.07,-0.11,40.81,3.47,0.00,0.00,94799.86
2025-02-10 18:43:18,1949,0,0,0,0,0.72,-2.00,-0.03,-0.08,0.41,7.67,0.02,-0.01,-0.02,0.15,-0.01,40.90,3.47,0.00,0.00,96131.11
2025-02-10 18:43:19,1964,0,0,0,0,1.99,-1.42,-0.02,-0.11,0.18,7.65,0.03,-0.02,-0.03,0.05,0.01,40.97,3.47,0.00,0.00,96940.50
2025-02-10 18:43:19,1973,0,0,0,0,-0.84,-2.02,-0.03,0.03,0.21,7.63,0.02,-0.01,-0.01,0.05,-0.01,40.88,3.47,0.00,0.00,97005.98
2025-02-10 18:43:19,1974,0,0,0,0,-1.96,1.09,-0.05,0.22,0.00,7.63,0.04,-0.02,-0.02,0.07,0.02,40.75,3.47,0.00,0.00,98081.81
2025-02-10 18:43:19,1985,0,0,0,0,-0.88,-2.02,-0.05,0.08,0.19,7.62,0.05,0.00,-0.01,0.05,0.01,40.84,3.47,0.00,0.00,98135.94
2025-02-10 18:43:19,1986,0,0,0,0,-0.36,-2.02,-0.02,0.09,0.20,7.62,0.05,-0.01,-0.03,0.09,0.05,40.86,3.47,0.00,0.00,98225.41
2025-02-10 18:43:19,1987,0,0,0,0,-0.05,-2.02,0.00,-0.07,0.23,7.62,0.04,0.00,-0.05,0.02,-0.05,40.95,3.47,0.00,0.00,98526.11
2025-02-10 18:43:19,1990,0,0,0,0,-0.69,1.99,-0.03,-0.01,-0.20,7.61,0.04,-0.01,-0.03,-0.02,-0.05,40.81,3.47,0.00,0.00,98818.85
2025-02-10 18:43:19,1993,0,0,0,0,-1.64,1.47,-0.03,0.12,-0.04,7.61,0.05,0.00,-0.03,0.03,0.00,40.95,3.47,0.00,0.00,98885.03
2025-02-10 18:43:20,1994,0,0,0,0,1.56,1.65,-0.02,-0.11,-0.08,7.61,0.04,0.00,-0.05,0.03,0.00,40.97,3.47,0.00,0.00,99717.02
2025-02-10 18:43:21,2002,47,65,39,54,2.01,1.04,-0.05,-0.14,-0.11,7.59,0.03,-0.02,-0.03,-0.01,0.00,40.97,3.44,0.00,0.00,101345.22
2025-02-10 18:43:21,2019,120,142,133,153,-1.78,1.27,0.08,0.02,-0.06,7.57,0.05,0.01,-0.05,-0.40,0.49,41.50,3.41,0.00,0.00,101388.35
2025-02-10 18:43:21,2020,176,167,113,104,1.65,1.51,0.00,-0.10,0.00,7.57,0.04,0.02,-0.04,-0.97,-0.94,40.79,3.40,0.00,0.00,103024.79
2025-02-10 18:43:21,2037,488,549,422,482,0.42,2.04,-0.35,-0.32,-0.23,8.98,0.64,-0.23,7.43,-0.83,-0.83,39.58,2.92,0.00,0.00,103099.74
2025-02-10 18:43:22,2038,535,619,415,484,-1.88,0.81,-0.46,0.16,-0.57,9.24,0.90,-0.17,5.70,-0.93,1.92,38.16,3.29,0.00,0.00,104197.40
2025-02-10 18:43:22,2049,673,726,543,664,-0.95,2.52,-5.58,-0.86,0.22,15.04,0.08,-0.41,23.97,-0.57,-0.64,41.11,2.54,0.00,0.00,104793.54
2025-02-10 18:43:22,2055,824,874,645,763,2.07,-0.74,-6.65,-0.15,0.69,22.11,-1.16,0.44,34.66,0.58,-0.95,40.29,3.21,0.00,0.00,105088.86
2025-02-10 18:43:23,2058,863,880,733,817,-1.11,0.91,-4.80,-0.17,-0.46,26.11,-2.80,0.53,30.64,-1.08,1.50,40.79,3.22,0.00,0.00,106747.10
2025-02-10 18:43:23,2075,1457,1474,1180,1273,0.14,-5.34,-16.57,0.53,-0.71,53.43,-4.95,12.45,64.96,-0.37,1.28,41.25,3.04,0.00,0.00,108118.44
2025-02-10 18:43:23,2089,1509,1542,1258,1368,-0.27,-2.20,-28.67,-1.40,-0.27,114.94,-6.49,13.02,140.31,0.05,-0.56,40.08,2.58,0.00,0.00,108195.37
2025-02-10 18:43:23,2090,1554,1579,1229,1327,0.82,-3.47,-28.00,-1.56,-0.37,120.58,-3.43,13.23,141.86,0.46,-3.08,43.22,2.67,0.00,0.00,108292.18
2025-02-10 18:43:23,2091,1558,1583,1226,1323,1.47,-5.01,-27.99,-1.42,-0.49,126.27,-0.84,15.83,143.01,0.21,-1.69,42.65,3.04,0.00,0.00,108389.05
2025-02-10 18:43:24,2092,1531,1554,1248,1348,0.26,-3.98,-27.88,-1.34,-0.44,131.99,-2.81,17.43,143.68,0.34,0.51,40.06,2.46,0.00,0.00,108712.16
2025-02-10 18:43:24,2095,1533,1569,1237,1345,0.95,1.14,-28.20,-1.75,-0.63,149.29,-3.81,9.53,145.45,-0.47,-1.23,39.56,2.68,0.00,0.00,108789.31
2025-02-10 18:43:24,2096,1517,1551,1250,1360,-1.83,-0.42,-28.92,-1.16,-0.08,155.12,-1.70,7.76,146.49,-0.10,-0.23,39.47,2.25,0.00,0.00,109103.20
2025-02-10 18:43:24,2098,1473,1572,1234,1399,4.53,0.47,-30.37,-2.08,0.20,166.98,-5.98,3.35,150.17,0.07,-3.03,41.63,2.20,0.00,0.00,109148.08
2025-02-10 18:43:24,2099,1501,1580,1228,1375,4.30,2.09,-30.92,-2.01,0.02,173.03,-8.08,2.03,152.52,-0.46,-1.58,37.77,2.46,0.00,0.00,109307.73
2025-02-10 18:43:24,2101,1510,1564,1240,1367,3.78,-2.83,-31.29,-2.38,0.09,-174.59,-9.43,2.50,156.44,1.28,-2.23,40.81,2.26,0.00,0.00,109410.06
2025-02-10 18:43:24,2102,1480,1571,1235,1394,2.17,-2.10,-31.53,-2.50,-0.27,-168.30,-10.44,3.60,158.15,0.52,-0.61,40.43,2.27,0.00,0.00,109662.38
2025-02-10 18:43:24,2104,1500,1543,1256,1375,4.27,-0.58,-32.13,-2.96,-0.52,-155.54,-15.61,6.25,161.16,-0.66,-0.75,37.95,2.47,0.00,0.00,109716.34
2025-02-10 18:43:24,2105,1510,1533,1265,1366,6.85,-2.99,-31.98,-3.48,-0.54,-149.09,-18.52,8.59,162.62,0.30,-4.03,41.29,2.67,0.00,0.00,110031.63
2025-02-10 18:43:24,2108,1492,1552,1250,1382,11.85,-0.66,-33.10,-3.82,-1.05,-129.38,-35.88,11.97,166.96,-0.60,-2.47,37.11,2.57,0.00,0.00,110084.24
2025-02-10 18:43:25,2109,1511,1532,1265,1366,14.98,-5.26,-32.79,-3.93,-1.31,-122.69,-45.50,14.70,168.20,-0.79,-2.91,43.08,2.50,0.00,0.00,111223.84
2025-02-10 18:43:25,2120,756,807,639,761,19.07,1.58,-35.52,-14.04,-10.31,-45.96,-94.04,7.38,181.47,0.07,0.28,21.31,3.19,0.00,0.00,111291.88
2025-02-10 18:43:25,2121,767,795,648,751,18.04,0.40,-35.31,-14.64,-10.98,-38.53,-88.28,6.75,182.13,0.05,0.18,22.63,3.16,0.00,0.00,112182.36
2025-02-10 18:43:25,2129,855,821,628,671,-69.25,-15.54,-32.03,-22.28,14.71,27.59,16.77,16.03,166.58,3.20,2.75,39.00,3.15,0.00,0.00,112232.86
2025-02-10 18:43:25,2130,743,821,628,773,11.72,4.40,-25.11,-18.47,11.01,33.49,81.54,-1.27,165.38,-5.53,12.89,91.58,2.62,0.00,0.00,112311.36
2025-02-10 18:43:25,2131,794,765,671,727,4.82,-1.94,-23.80,-16.06,8.38,39.53,41.53,-2.43,157.39,4.67,-3.29,60.47,3.15,0.00,0.00,113548.21
2025-02-10 18:43:25,2143,803,795,647,719,1.01,1.87,-17.64,-4.30,-1.59,108.13,-0.42,-0.27,124.15,-1.27,-3.11,41.27,3.19,0.00,0.00,113638.52
2025-02-10 18:43:26,2144,761,840,613,756,0.16,0.79,-18.30,-2.18,-2.11,113.01,-1.08,-0.82,118.51,-1.33,-0.93,40.93,3.17,0.00,0.00,113739.48
2025-02-10 18:43:26,2145,765,821,628,753,-0.70,-0.91,-16.07,-3.45,-1.84,117.56,-0.65,-0.28,112.59,-1.19,-2.29,41.95,3.17,0.00,0.00,113846.82
2025-02-10 18:43:26,2146,803,843,611,719,-1.13,1.49,-15.03,-1.85,-3.13,121.98,0.23,-0.52,106.41,-2.22,0.30,39.15,3.18,0.00,0.00,113943.98
2025-02-10 18:43:26,2147,810,805,640,713,2.46,0.78,-13.99,-1.18,-2.03,126.12,-0.47,-0.32,100.22,-1.49,-1.78,38.45,3.18,0.00,0.00,114548.33
2025-02-10 18:43:26,2153,786,792,650,734,1.93,-0.56,-6.82,-0.44,-2.08,145.55,-1.39,-0.76,62.43,-0.14,-2.86,41.91,3.18,0.00,0.00,114658.62
2025-02-10 18:43:26,2154,785,843,611,735,1.99,-1.95,-6.67,-1.80,-1.36,147.86,-1.20,-0.25,56.86,0.00,-1.26,39.75,3.14,0.00,0.00,114748.43
2025-02-10 18:43:26,2155,811,798,646,712,1.63,-2.05,-7.98,-1.11,-1.04,150.05,-2.12,0.40,53.13,1.47,-0.81,45.08,3.17,0.00,0.00,115342.09
2025-02-10 18:43:26,2160,806,796,647,716,1.50,1.90,-6.67,-1.38,-0.51,159.78,-0.20,-0.09,43.13,-0.61,-1.24,45.72,3.18,0.00,0.00,115393.60
2025-02-10 18:43:26,2161,815,840,613,708,-1.56,-1.22,-8.33,-0.19,0.26,161.47,1.08,0.31,42.16,0.33,0.10,39.29,3.15,0.00,0.00,115468.30
2025-02-10 18:43:26,2162,770,851,605,749,-0.77,1.67,-11.22,0.38,-0.46,163.21,-0.35,-0.59,44.48,-0.57,0.85,37.54,2.41,0.00,0.00,115777.66
2025-02-10 18:43:26,2164,780,820,629,739,-0.30,0.26,-5.27,-0.17,-0.48,166.80,-0.40,-0.39,43.15,-0.50,0.56,43.65,2.74,0.00,0.00,115821.52
2025-02-10 18:43:26,2165,791,768,668,729,2.36,-1.78,-6.40,-0.04,0.50,168.46,-2.13,0.31,40.77,1.61,-1.12,41.22,3.13,0.00,0.00,115896.36
2025-02-10 18:43:26,2166,810,859,599,713,-1.19,2.48,-7.04,-0.36,1.29,170.07,-0.06,-0.15,39.82,-0.10,0.49,38.56,3.13,0.00,0.00,115984.14
2025-02-10 18:43:26,2167,770,833,619,748,-1.01,2.46,-8.27,0.38,-0.21,171.65,1.32,-0.69,39.84,-0.91,0.92,39.79,3.16,0.00,0.00,116157.21
2025-02-10 18:43:26,2168,792,788,653,729,1.90,-0.25,-8.07,0.06,-0.73,173.25,0.89,-0.84,40.34,-0.05,-0.79,41.81,3.18,0.00,0.00,116201.15
2025-02-10 18:43:27,2169,803,785,656,719,-0.98,-1.51,-6.35,-0.70,0.91,174.85,0.79,-0.63,39.58,1.45,0.58,41.81,3.16,0.00,0.00,116293.00
2025-02-10 18:43:27,2170,763,843,611,755,0.78,2.67,-6.22,-0.27,-0.38,176.39,-0.13,-1.30,38.15,-1.94,0.46,39.84,3.17,0.00,0.00,116598.36
2025-02-10 18:43:27,2172,814,826,624,709,-0.80,0.92,-6.65,-0.46,-0.80,179.35,-0.52,0.88,36.58,-0.57,-0.37,41.95,2.20,0.00,0.00,118068.15
2025-02-10 18:43:27,2187,0,0,0,0,2.07,0.00,0.39,-0.46,-0.18,-164.33,0.00,0.10,1.16,0.02,-2.22,41.59,3.38,0.00,0.00,118164.65
2025-02-10 18:43:28,2188,0,0,0,0,1.48,-1.96,-0.22,-0.52,0.05,-164.30,0.00,0.08,0.61,0.21,-0.41,41.18,3.38,0.00,0.00,119050.17
2025-02-10 18:43:28,2196,0,0,0,0,0.38,2.04,-0.09,-0.62,-0.12,-164.32,0.01,0.03,-0.15,-0.05,-0.46,40.86,3.38,0.00,0.00,119105.18
2025-02-10 18:43:28,2197,0,0,0,0,0.00,-1.89,-0.16,-0.41,0.08,-164.33,0.00,0.01,-0.10,0.05,-0.30,40.95,3.38,0.00,0.00,119215.25
2025-02-10 18:43:28,2198,0,0,0,0,2.03,1.83,-0.01,-0.64,-0.26,-164.33,0.02,0.01,-0.13,-0.20,-0.47,40.90,3.38,0.00,0.00,120110.93
2025-02-10 18:43:28,2206,0,0,0,0,-0.35,-1.66,-0.02,-0.50,0.03,-164.38,0.03,0.00,-0.13,-0.05,-0.43,41.08,3.39,0.00,0.00,120179.37
2025-02-10 18:43:28,2207,0,0,0,0,-1.13,0.98,-0.02,-0.60,0.00,-164.38,0.04,-0.01,-0.12,0.00,-0.41,40.88,3.39,0.00,0.00,120816.46
2025-02-10 18:43:28,2213,0,0,0,0,2.03,1.53,-0.02,-0.67,-0.06,-164.41,0.02,0.00,-0.11,-0.01,-0.44,40.90,3.39,0.00,0.00,120898.32
2025-02-10 18:43:28,2214,0,0,0,0,-0.50,1.91,-0.02,-0.62,-0.08,-164.41,0.01,-0.02,-0.11,-0.01,-0.47,41.04,3.39,0.00,0.00,121231.37
2025-02-10 18:43:28,2217,0,0,0,0,1.43,2.03,-0.05,-0.73,-0.11,-164.43,0.02,0.00,-0.11,0.00,-0.50,40.95,3.39,0.00,0.00,121316.03
2025-02-10 18:43:28,2218,0,0,0,0,1.43,-1.95,-0.02,-0.64,0.19,-164.43,0.02,0.00,-0.10,0.05,-0.44,41.04,3.39,0.00,0.00,121421.90
2025-02-10 18:43:29,2219,0,0,0,0,0.40,-1.95,-0.04,-0.69,0.12,-164.44,0.03,0.00,-0.10,-0.02,-0.52,40.88,3.39,0.00,0.00,122641.14
2025-02-10 18:43:29,2230,0,0,0,0,-0.11,-1.80,-0.02,-0.64,0.02,-164.48,0.03,-0.01,-0.11,0.00,-0.46,40.95,3.40,0.00,0.00,122697.05
2025-02-10 18:43:29,2231,0,0,0,0,1.06,-1.94,-0.05,-0.64,0.02,-164.49,0.03,0.00,-0.10,-0.02,-0.46,40.84,3.40,0.00,0.00,123006.09
2025-02-10 18:43:29,2233,0,0,0,0,2.02,-0.55,-0.02,-0.64,-0.15,-164.50,0.04,0.00,-0.08,-0.11,-0.43,40.91,3.40,0.00,0.00,123064.52
2025-02-10 18:43:29,2234,0,0,0,0,0.56,-1.93,-0.04,-0.72,-0.03,-164.50,0.04,0.00,-0.10,-0.05,-0.51,40.84,3.40,0.00,0.00,123125.96
2025-02-10 18:43:30,2235,0,0,0,0,-0.96,-1.00,-0.01,-0.55,0.06,-164.50,0.04,0.00,-0.10,0.00,-0.46,40.84,3.40,0.00,0.00,124940.22
2025-02-10 18:43:30,2251,0,0,0,0,0.23,2.04,-0.02,-0.70,-0.21,-164.57,0.03,-0.02,-0.10,-0.05,-0.54,40.95,3.40,0.00,0.00,124985.93
2025-02-10 18:43:30,2252,0,0,0,0,-1.25,-0.01,-0.02,-0.63,-0.08,-164.58,0.02,-0.01,-0.11,-0.05,-0.46,40.93,3.40,0.00,0.00,125053.15
2025-02-10 18:43:30,2253,0,0,0,0,2.04,0.06,-0.02,-0.72,-0.08,-164.58,0.02,-0.03,-0.11,-0.05,-0.54,40.93,3.40,0.00,0.00,125731.93
2025-02-10 18:43:30,2259,0,0,0,0,-0.41,2.06,-0.03,-0.57,-0.22,-164.61,0.02,-0.02,-0.10,-0.07,-0.47,40.88,3.40,0.00,0.00,125807.48
2025-02-10 18:43:30,2260,0,0,0,0,1.76,-1.94,-0.04,-0.76,0.04,-164.61,0.04,-0.02,-0.08,-0.07,-0.50,40.90,3.40,0.00,0.00,125915.43
2025-02-10 18:43:31,2261,0,0,0,0,2.03,0.15,-0.01,-0.72,0.00,-164.62,0.04,-0.02,-0.08,0.00,-0.43,40.91,3.40,0.00,0.00,126859.49
2025-02-10 18:43:31,2269,0,0,0,0,0.57,-1.93,-0.01,-0.69,0.08,-164.65,0.03,-0.02,-0.10,0.00,-0.50,40.86,3.40,0.00,0.00,126894.73
2025-02-10 18:43:31,2270,0,0,0,0,2.03,0.98,-0.03,-0.64,-0.09,-164.65,0.04,-0.01,-0.09,-0.07,-0.49,41.04,3.41,0.00,0.00,127108.98
2025-02-10 18:43:31,2272,0,0,0,0,1.13,2.05,-0.04,-0.60,-0.12,-164.66,0.04,-0.01,-0.10,-0.02,-0.43,40.95,3.40,0.00,0.00,129252.98
2025-02-10 18:43:31,2291,0,0,0,0,2.05,1.23,-0.04,-0.81,-0.09,-164.73,0.04,-0.02,-0.08,-0.02,-0.50,41.04,3.41,0.00,0.00,129296.79
2025-02-10 18:43:32,2292,0,0,0,0,2.03,1.62,-0.01,-0.84,-0.13,-164.73,0.04,-0.02,-0.09,-0.05,-0.54,40.91,3.41,0.00,0.00,129639.34
2025-02-10 18:43:32,2295,0,0,0,0,-1.34,0.33,-0.02,-0.37,-0.01,-164.74,0.03,-0.01,-0.09,0.00,-0.40,40.90,3.42,0.00,0.00,129732.58
2025-02-10 18:43:32,2296,0,0,0,0,2.03,1.65,-0.01,-0.73,-0.16,-164.75,0.05,-0.01,-0.09,-0.05,-0.43,40.97,3.41,0.00,0.00,132210.18
2025-02-10 18:43:32,2318,0,0,0,0,2.03,-1.83,-0.01,-0.70,-0.03,-164.83,0.03,0.00,-0.10,-0.07,-0.47,40.93,3.42,0.00,0.00,132260.07
2025-02-10 18:43:33,2319,0,0,0,0,-1.23,0.26,-0.01,-0.69,-0.11,-164.83,0.02,-0.01,-0.11,-0.07,-0.52,41.02,3.42,0.00,0.00,132905.87
2025-02-10 18:43:33,2324,0,0,0,0,-1.28,-0.14,-0.03,-0.45,-0.06,-164.85,0.03,-0.01,-0.08,-0.05,-0.41,41.41,3.42,0.00,0.00,132953.12
2025-02-10 18:43:33,2325,0,0,0,0,-0.59,-1.43,-0.06,-0.52,0.03,-164.85,0.01,-0.02,-0.07,0.01,-0.37,40.99,3.42,0.00,0.00,133050.41
2025-02-10 18:43:33,2326,0,0,0,0,-1.03,-0.89,-0.03,-0.43,0.07,-164.85,0.00,-0.01,-0.07,0.00,-0.38,40.99,3.42,0.00,0.00,133701.95
2025-02-10 18:43:33,2331,0,0,0,0,1.95,2.04,-0.01,-0.73,-0.23,-164.87,0.02,0.00,-0.09,-0.03,-0.46,40.97,3.42,0.00,0.00,133738.20
2025-02-10 18:43:33,2332,0,0,0,0,1.77,2.06,-0.06,-0.78,-0.20,-164.87,0.01,0.00,-0.08,-0.03,-0.52,40.95,3.42,0.00,0.00,134092.58
2025-02-10 18:43:33,2335,0,0,0,0,2.04,1.87,-0.03,-0.76,-0.08,-164.89,0.03,-0.02,-0.10,0.01,-0.46,40.88,3.42,0.00,0.00,134154.02
2025-02-10 18:43:33,2336,0,0,0,0,2.03,-1.49,-0.02,-0.79,-0.05,-164.89,0.03,0.00,-0.08,-0.07,-0.52,40.93,3.42,0.00,0.00,134265.77
2025-02-10 18:43:33,2337,0,0,0,0,2.05,-0.42,-0.03,-0.72,-0.07,-164.89,0.02,0.04,-0.07,-0.05,-0.49,40.90,3.42,0.00,0.00,134922.51
2025-02-10 18:43:33,2342,0,0,0,0,0.15,2.04,-0.03,-0.70,-0.09,-164.91,0.04,0.00,-0.07,0.00,-0.54,40.93,3.42,0.00,0.00,134961.74
2025-02-10 18:43:34,2343,0,0,0,0,0.68,2.05,-0.03,-0.63,-0.20,-164.91,0.05,0.00,-0.07,-0.10,-0.46,40.88,3.42,0.00,0.00,136554.52
2025-02-10 18:43:34,2357,0,0,0,0,-1.13,1.03,-0.03,-0.57,-0.16,-164.95,0.03,0.00,-0.06,-0.10,-0.46,40.97,3.42,0.00,0.00,136622.20
2025-02-10 18:43:34,2358,0,0,0,0,0.34,-1.95,0.00,-0.71,0.03,-164.95,0.02,0.00,-0.08,0.02,-0.50,40.88,3.42,0.00,0.00,136740.68
2025-02-10 18:43:35,2359,0,0,0,0,-1.25,0.14,-0.03,-0.62,0.05,-164.96,0.01,0.00,-0.08,0.03,-0.51,40.93,3.42,0.00,0.00,138646.39
